{
  "('Anti-infectives', 'COUNTRY_0024')": -490.34011675568155,
  "('Anti-infectives', 'COUNTRY_0309')": 353270.71388061845,
  "('Anti-infectives', 'COUNTRY_06E4')": 191.72716097593405,
  "('Anti-infectives', 'COUNTRY_1007')": 1575.402855675902,
  "('Anti-infectives', 'COUNTRY_2E65')": 217.57784882550774,
  "('Anti-infectives', 'COUNTRY_4253')": 3357.04691462435,
  "('Anti-infectives', 'COUNTRY_4442')": 6623.889759104915,
  "('Anti-infectives', 'COUNTRY_445D')": -1373.282153220956,
  "('Anti-infectives', 'COUNTRY_5180')": 1411.2094901464397,
  "('Anti-infectives', 'COUNTRY_53A5')": 315377.3207629667,
  "('Anti-infectives', 'COUNTRY_551F')": 12159.987216765407,
  "('Anti-infectives', 'COUNTRY_5FEB')": 1008.9508825053226,
  "('Anti-infectives', 'COUNTRY_6C16')": 1943.9332136321746,
  "('Anti-infectives', 'COUNTRY_89F9')": 20994.866456257107,
  "('Anti-infectives', 'COUNTRY_8DBB')": 74750.95376327503,
  "('Anti-infectives', 'COUNTRY_907E')": -23110.82853302928,
  "('Anti-infectives', 'COUNTRY_9891')": 6987.247023926402,
  "('Anti-infectives', 'COUNTRY_A67D')": -1153.8366785068588,
  "('Anti-infectives', 'COUNTRY_A8F8')": 705074.9858232813,
  "('Anti-infectives', 'COUNTRY_B6AE')": 5376.731949562589,
  "('Anti-infectives', 'COUNTRY_B835')": 1456.7367972868592,
  "('Anti-infectives', 'COUNTRY_C51E')": -996.7802866199675,
  "('Anti-infectives', 'COUNTRY_C8F4')": 2621.226838188438,
  "('Anti-infectives', 'COUNTRY_D5B9')": 170.75391554467913,
  "('Anti-infectives', 'COUNTRY_D8B0')": -8859.065888621693,
  "('Anti-infectives', 'COUNTRY_EA71')": -2747.7420506545777,
  "('Anti-infectives', 'COUNTRY_F75D')": -1210.2529307203013,
  "('Antineoplastic_and_immunology', 'COUNTRY_0024')": 267.25528202665504,
  "('Antineoplastic_and_immunology', 'COUNTRY_01A1')": 301.3217658760914,
  "('Antineoplastic_and_immunology', 'COUNTRY_0309')": 9943.056569592225,
  "('Antineoplastic_and_immunology', 'COUNTRY_06E4')": 14614.311279134712,
  "('Antineoplastic_and_immunology', 'COUNTRY_0C7D')": 97.44123490530832,
  "('Antineoplastic_and_immunology', 'COUNTRY_1007')": 8428.71020005444,
  "('Antineoplastic_and_immunology', 'COUNTRY_221C')": 737.8147484503809,
  "('Antineoplastic_and_immunology', 'COUNTRY_2AFC')": 9910.66086327268,
  "('Antineoplastic_and_immunology', 'COUNTRY_2E65')": 14.387617182707517,
  "('Antineoplastic_and_immunology', 'COUNTRY_3AD0')": 21036.84249921929,
  "('Antineoplastic_and_immunology', 'COUNTRY_4242')": -165.22434328907997,
  "('Antineoplastic_and_immunology', 'COUNTRY_4253')": 177860.50464189285,
  "('Antineoplastic_and_immunology', 'COUNTRY_4442')": 34557.58458405284,
  "('Antineoplastic_and_immunology', 'COUNTRY_445D')": -728.2818505202531,
  "('Antineoplastic_and_immunology', 'COUNTRY_4D4A')": 3047.007969299767,
  "('Antineoplastic_and_immunology', 'COUNTRY_5180')": 9279.694024327358,
  "('Antineoplastic_and_immunology', 'COUNTRY_53A5')": 11466.185556146515,
  "('Antineoplastic_and_immunology', 'COUNTRY_551F')": 744.4743212403107,
  "('Antineoplastic_and_immunology', 'COUNTRY_560D')": 2321.447373862009,
  "('Antineoplastic_and_immunology', 'COUNTRY_6F78')": -121.75036973173562,
  "('Antineoplastic_and_immunology', 'COUNTRY_7D31')": 6081387.996890916,
  "('Antineoplastic_and_immunology', 'COUNTRY_88A3')": 423.0577645089587,
  "('Antineoplastic_and_immunology', 'COUNTRY_89F9')": 14041.870060512809,
  "('Antineoplastic_and_immunology', 'COUNTRY_8DBB')": 73815.65797118128,
  "('Antineoplastic_and_immunology', 'COUNTRY_907E')": 8427.999414238162,
  "('Antineoplastic_and_immunology', 'COUNTRY_9891')": 12051.563947402876,
  "('Antineoplastic_and_immunology', 'COUNTRY_A67D')": -75137.99134161258,
  "('Antineoplastic_and_immunology', 'COUNTRY_C51E')": 3791.290920240369,
  "('Antineoplastic_and_immunology', 'COUNTRY_C89B')": 156.40325978471515,
  "('Antineoplastic_and_immunology', 'COUNTRY_C8F4')": -661.0192606628017,
  "('Antineoplastic_and_immunology', 'COUNTRY_D8B0')": 4463.826567049791,
  "('Antineoplastic_and_immunology', 'COUNTRY_EA71')": -13.472131289600107,
  "('Antineoplastic_and_immunology', 'COUNTRY_F75D')": -5105.293405471946,
  "('Antineoplastic_and_immunology', 'COUNTRY_FA79')": -356.7293739334466,
  "('Cardiovascular_Metabolic', 'COUNTRY_0024')": 27844.95999807437,
  "('Cardiovascular_Metabolic', 'COUNTRY_0309')": 247776.35369613842,
  "('Cardiovascular_Metabolic', 'COUNTRY_06E4')": 44971.322128272186,
  "('Cardiovascular_Metabolic', 'COUNTRY_1007')": 161662.99476338096,
  "('Cardiovascular_Metabolic', 'COUNTRY_2E65')": 15191.240549307478,
  "('Cardiovascular_Metabolic', 'COUNTRY_3536')": 3184.755757508378,
  "('Cardiovascular_Metabolic', 'COUNTRY_3AD0')": 88534.09332184501,
  "('Cardiovascular_Metabolic', 'COUNTRY_445D')": 159637.66235292604,
  "('Cardiovascular_Metabolic', 'COUNTRY_53A5')": 2323946.598768893,
  "('Cardiovascular_Metabolic', 'COUNTRY_560D')": 605.5822121406982,
  "('Cardiovascular_Metabolic', 'COUNTRY_5FEB')": 382.14959668083975,
  "('Cardiovascular_Metabolic', 'COUNTRY_6B71')": 51378238.29612118,
  "('Cardiovascular_Metabolic', 'COUNTRY_6C16')": 2852115.6484868047,
  "('Cardiovascular_Metabolic', 'COUNTRY_88A3')": -1648.5815397164818,
  "('Cardiovascular_Metabolic', 'COUNTRY_89F9')": 3942.2508949795065,
  "('Cardiovascular_Metabolic', 'COUNTRY_8DBB')": 5876.28068770806,
  "('Cardiovascular_Metabolic', 'COUNTRY_907E')": 418893.68497016566,
  "('Cardiovascular_Metabolic', 'COUNTRY_C89B')": 67356.05508424572,
  "('Cardiovascular_Metabolic', 'COUNTRY_D5B9')": 45632.37212667346,
  "('Cardiovascular_Metabolic', 'COUNTRY_D6DA')": 70858.94113095246,
  "('Cardiovascular_Metabolic', 'COUNTRY_D8B0')": -21212.008575117216,
  "('Cardiovascular_Metabolic', 'COUNTRY_EA71')": 187395.18125756332,
  "('Cardiovascular_Metabolic', 'COUNTRY_EF33')": 11529.923595137683,
  "('Dermatology', 'COUNTRY_4253')": 183623.08792032886,
  "('Dermatology', 'COUNTRY_5FEB')": 1929033.7599138613,
  "('Dermatology', 'COUNTRY_6B71')": 4442.320205604025,
  "('Dermatology', 'COUNTRY_6C16')": 1751.0195681213245,
  "('Dermatology', 'COUNTRY_7C1A')": 26768.909853802626,
  "('Dermatology', 'COUNTRY_89F9')": 45978.817039640824,
  "('Dermatology', 'COUNTRY_907E')": -79070.4931252168,
  "('Dermatology', 'COUNTRY_A8F8')": 34056.33611246805,
  "('Dermatology', 'COUNTRY_D5B9')": 1052.622548672029,
  "('Dermatology', 'COUNTRY_EF33')": 4710.58012382849,
  "('Dermatology', 'COUNTRY_F75D')": 5312.698876237982,
  "('Endocrinology_and_Metabolic_Disease', 'COUNTRY_0309')": 386410.22117115156,
  "('Endocrinology_and_Metabolic_Disease', 'COUNTRY_0C7D')": 1058.8872357136581,
  "('Endocrinology_and_Metabolic_Disease', 'COUNTRY_1007')": 677.0904121640792,
  "('Endocrinology_and_Metabolic_Disease', 'COUNTRY_3536')": 54313.06167829569,
  "('Endocrinology_and_Metabolic_Disease', 'COUNTRY_4242')": 149.0735075602336,
  "('Endocrinology_and_Metabolic_Disease', 'COUNTRY_445D')": 94990.78858053577,
  "('Endocrinology_and_Metabolic_Disease', 'COUNTRY_53A5')": 51828.25750488011,
  "('Endocrinology_and_Metabolic_Disease', 'COUNTRY_560D')": 58569.27033160717,
  "('Endocrinology_and_Metabolic_Disease', 'COUNTRY_5FEB')": 653756.5853743753,
  "('Endocrinology_and_Metabolic_Disease', 'COUNTRY_6B71')": 61368.395124005765,
  "('Endocrinology_and_Metabolic_Disease', 'COUNTRY_6F78')": 56996.97251014725,
  "('Endocrinology_and_Metabolic_Disease', 'COUNTRY_7C1A')": 3972.2950957383437,
  "('Endocrinology_and_Metabolic_Disease', 'COUNTRY_88A3')": -241.23687668384972,
  "('Endocrinology_and_Metabolic_Disease', 'COUNTRY_89F9')": 21448.64075905625,
  "('Endocrinology_and_Metabolic_Disease', 'COUNTRY_9488')": 28839.174137916507,
  "('Endocrinology_and_Metabolic_Disease', 'COUNTRY_9891')": -40.912308730032905,
  "('Endocrinology_and_Metabolic_Disease', 'COUNTRY_A8F8')": 460352.56111375906,
  "('Endocrinology_and_Metabolic_Disease', 'COUNTRY_C89B')": 3.4234361196175436,
  "('Endocrinology_and_Metabolic_Disease', 'COUNTRY_D5B9')": -308.57933969171245,