{
  "(2, 1, 0)": {
    "method": "linear",
    "a": 0.4382208712780723,
    "b": 209907.73429653677,
    "n_samples": 150
  },
  "(2, 1, 1)": {
    "method": "linear",
    "a": 0.36846892515389007,
    "b": 176967.7515411633,
    "n_samples": 146
  },
  "(2, 1, 2)": {
    "method": "linear",
    "a": 0.3565807685693847,
    "b": 145600.30503606147,
    "n_samples": 148
  },
  "(2, 2, 0)": {
    "method": "linear",
    "a": 1.430892718223606,
    "b": 16297.976809198968,
    "n_samples": 2062
  },
  "(2, 2, 1)": {
    "method": "linear",
    "a": 1.4433677941561482,
    "b": -42239.080981311854,
    "n_samples": 2053
  },
  "(2, 2, 2)": {
    "method": "linear",
    "a": 1.496325967653819,
    "b": -55800.28326741932,
    "n_samples": 2069
  }
}