{
  "official_metric": 0.7526,
  "rmse_norm": 0.24893726171129213,
  "mae_norm": 0.17757591217612512,
  "scenario": 1,
  "model_type": "lightgbm",
  "train_time_seconds": 3.4721570014953613,
  "n_train_samples": 37488,
  "n_val_samples": 9384,
  "n_features": 86
}