{
  "official_metric": 0.9648,
  "rmse_norm": 0.29992671053885467,
  "mae_norm": 0.23288720827143625,
  "scenario": 1,
  "model_type": "nn",
  "train_time_seconds": 119.58911108970642,
  "n_train_samples": 37488,
  "n_val_samples": 9384,
  "n_features": 86
}