{
  "official_metric": 0.2782,
  "rmse_norm": 0.20760021476936,
  "mae_norm": 0.12827543891239612,
  "scenario": 2,
  "model_type": "xgboost",
  "train_time_seconds": 2.86820387840271,
  "n_train_samples": 28116,
  "n_val_samples": 7038,
  "n_features": 101
}