{
  "official_metric": 0.2748,
  "rmse_norm": 0.20580999175714176,
  "mae_norm": 0.12764641770471305,
  "scenario": 2,
  "model_type": "catboost",
  "train_time_seconds": 13.641313076019287,
  "n_train_samples": 28116,
  "n_val_samples": 7038,
  "n_features": 101
}