{
  "('Anti-infectives', 'COUNTRY_0024')": -343.62510587648,
  "('Anti-infectives', 'COUNTRY_0309')": 363636.9073963069,
  "('Anti-infectives', 'COUNTRY_06E4')": 192.17176514352096,
  "('Anti-infectives', 'COUNTRY_1007')": 626.7220356878755,
  "('Anti-infectives', 'COUNTRY_2E65')": 211.84095185816918,
  "('Anti-infectives', 'COUNTRY_4253')": 3272.0503218438207,
  "('Anti-infectives', 'COUNTRY_4442')": 5931.942427890428,
  "('Anti-infectives', 'COUNTRY_445D')": -1392.8515344228067,
  "('Anti-infectives', 'COUNTRY_5180')": 1388.5156365908347,
  "('Anti-infectives', 'COUNTRY_53A5')": 319391.05441573914,
  "('Anti-infectives', 'COUNTRY_551F')": 12278.001234495574,
  "('Anti-infectives', 'COUNTRY_5FEB')": 1068.2400492401277,
  "('Anti-infectives', 'COUNTRY_6C16')": 2091.6244728395736,
  "('Anti-infectives', 'COUNTRY_89F9')": 23372.185661153442,
  "('Anti-infectives', 'COUNTRY_8DBB')": 100889.75034582295,
  "('Anti-infectives', 'COUNTRY_907E')": -22397.157874661196,
  "('Anti-infectives', 'COUNTRY_9891')": 6896.265287559491,
  "('Anti-infectives', 'COUNTRY_A67D')": -1056.327770570612,
  "('Anti-infectives', 'COUNTRY_A8F8')": 724306.890824751,
  "('Anti-infectives', 'COUNTRY_B6AE')": 5337.671422375061,
  "('Anti-infectives', 'COUNTRY_B835')": 1172.1282198276358,
  "('Anti-infectives', 'COUNTRY_C51E')": -996.2637519766405,
  "('Anti-infectives', 'COUNTRY_C8F4')": 3165.347863590254,
  "('Anti-infectives', 'COUNTRY_D5B9')": 173.09861385955614,
  "('Anti-infectives', 'COUNTRY_D8B0')": -3113.38716967307,
  "('Anti-infectives', 'COUNTRY_EA71')": -661.1099474684319,
  "('Anti-infectives', 'COUNTRY_F75D')": -411.29357907372065,
  "('Antineoplastic_and_immunology', 'COUNTRY_0024')": 267.8159449992509,
  "('Antineoplastic_and_immunology', 'COUNTRY_01A1')": 324.09987861599365,
  "('Antineoplastic_and_immunology', 'COUNTRY_0309')": 10096.55758308891,
  "('Antineoplastic_and_immunology', 'COUNTRY_06E4')": 14691.92913892734,
  "('Antineoplastic_and_immunology', 'COUNTRY_0C7D')": 96.75390586738,
  "('Antineoplastic_and_immunology', 'COUNTRY_1007')": 8498.288242101897,
  "('Antineoplastic_and_immunology', 'COUNTRY_221C')": 783.4281571041444,
  "('Antineoplastic_and_immunology', 'COUNTRY_2AFC')": 9911.160329592984,
  "('Antineoplastic_and_immunology', 'COUNTRY_2E65')": 14.464888029512277,
  "('Antineoplastic_and_immunology', 'COUNTRY_3AD0')": 21555.909628170833,
  "('Antineoplastic_and_immunology', 'COUNTRY_4242')": -232.66273726607233,
  "('Antineoplastic_and_immunology', 'COUNTRY_4253')": 181001.16590620382,
  "('Antineoplastic_and_immunology', 'COUNTRY_4442')": 33342.75549103319,
  "('Antineoplastic_and_immunology', 'COUNTRY_445D')": -681.3617656984111,
  "('Antineoplastic_and_immunology', 'COUNTRY_4D4A')": 3230.512756209403,
  "('Antineoplastic_and_immunology', 'COUNTRY_5180')": 9357.34647730629,
  "('Antineoplastic_and_immunology', 'COUNTRY_53A5')": 11284.186733036862,
  "('Antineoplastic_and_immunology', 'COUNTRY_551F')": 755.4034116355485,
  "('Antineoplastic_and_immunology', 'COUNTRY_560D')": 2543.98039961312,
  "('Antineoplastic_and_immunology', 'COUNTRY_6F78')": -122.04222502364804,
  "('Antineoplastic_and_immunology', 'COUNTRY_7D31')": 5595704.168301614,
  "('Antineoplastic_and_immunology', 'COUNTRY_88A3')": 448.6225705961611,
  "('Antineoplastic_and_immunology', 'COUNTRY_89F9')": 14544.136103464636,
  "('Antineoplastic_and_immunology', 'COUNTRY_8DBB')": 77419.88108762034,
  "('Antineoplastic_and_immunology', 'COUNTRY_907E')": 8260.90447902587,
  "('Antineoplastic_and_immunology', 'COUNTRY_9891')": 13205.570808096685,
  "('Antineoplastic_and_immunology', 'COUNTRY_A67D')": -74389.2429918313,
  "('Antineoplastic_and_immunology', 'COUNTRY_C51E')": 4350.124233393337,
  "('Antineoplastic_and_immunology', 'COUNTRY_C89B')": 168.4551820019825,
  "('Antineoplastic_and_immunology', 'COUNTRY_C8F4')": -190.3895805997917,
  "('Antineoplastic_and_immunology', 'COUNTRY_D8B0')": 4666.850115784736,
  "('Antineoplastic_and_immunology', 'COUNTRY_EA71')": -14.274392006353688,
  "('Antineoplastic_and_immunology', 'COUNTRY_F75D')": -5728.627122609872,
  "('Antineoplastic_and_immunology', 'COUNTRY_FA79')": -395.31835094432535,
  "('Cardiovascular_Metabolic', 'COUNTRY_0024')": 27214.362696981814,
  "('Cardiovascular_Metabolic', 'COUNTRY_0309')": 201417.40261940233,
  "('Cardiovascular_Metabolic', 'COUNTRY_06E4')": 44777.7394088821,
  "('Cardiovascular_Metabolic', 'COUNTRY_1007')": 154495.5848423817,
  "('Cardiovascular_Metabolic', 'COUNTRY_2E65')": 15336.3612683089,
  "('Cardiovascular_Metabolic', 'COUNTRY_3536')": 2723.3585462392616,
  "('Cardiovascular_Metabolic', 'COUNTRY_3AD0')": 93485.3484010324,
  "('Cardiovascular_Metabolic', 'COUNTRY_445D')": 163416.75251107122,
  "('Cardiovascular_Metabolic', 'COUNTRY_53A5')": 2152528.8185169785,
  "('Cardiovascular_Metabolic', 'COUNTRY_560D')": 606.822230261355,
  "('Cardiovascular_Metabolic', 'COUNTRY_5FEB')": 465.4923091474709,
  "('Cardiovascular_Metabolic', 'COUNTRY_6B71')": 51713252.33428978,
  "('Cardiovascular_Metabolic', 'COUNTRY_6C16')": 2868436.812807661,
  "('Cardiovascular_Metabolic', 'COUNTRY_88A3')": -345.4414016699403,
  "('Cardiovascular_Metabolic', 'COUNTRY_89F9')": 3845.2582970685803,
  "('Cardiovascular_Metabolic', 'COUNTRY_8DBB')": 5977.458511789104,
  "('Cardiovascular_Metabolic', 'COUNTRY_907E')": 432608.13682902016,
  "('Cardiovascular_Metabolic', 'COUNTRY_C89B')": 65220.986974868814,
  "('Cardiovascular_Metabolic', 'COUNTRY_D5B9')": 46513.580366667215,
  "('Cardiovascular_Metabolic', 'COUNTRY_D6DA')": 70405.22287408853,
  "('Cardiovascular_Metabolic', 'COUNTRY_D8B0')": 883.4097481707219,
  "('Cardiovascular_Metabolic', 'COUNTRY_EA71')": 190088.55155497591,
  "('Cardiovascular_Metabolic', 'COUNTRY_EF33')": 11368.349803371042,
  "('Dermatology', 'COUNTRY_4253')": 183118.7627228795,
  "('Dermatology', 'COUNTRY_5FEB')": 1939990.367431612,
  "('Dermatology', 'COUNTRY_6B71')": 4701.791461437487,
  "('Dermatology', 'COUNTRY_6C16')": 1722.7228293557885,
  "('Dermatology', 'COUNTRY_7C1A')": 26510.705489448443,
  "('Dermatology', 'COUNTRY_89F9')": 47206.59058931382,
  "('Dermatology', 'COUNTRY_907E')": -79159.653244575,
  "('Dermatology', 'COUNTRY_A8F8')": 33130.3914272419,
  "('Dermatology', 'COUNTRY_D5B9')": 829.7555974087101,
  "('Dermatology', 'COUNTRY_EF33')": 4625.5626713988,
  "('Dermatology', 'COUNTRY_F75D')": 8629.719064593546,
  "('Endocrinology_and_Metabolic_Disease', 'COUNTRY_0309')": 379387.00165276707,
  "('Endocrinology_and_Metabolic_Disease', 'COUNTRY_0C7D')": 1149.1374355776015,
  "('Endocrinology_and_Metabolic_Disease', 'COUNTRY_1007')": 595.5637479891219,
  "('Endocrinology_and_Metabolic_Disease', 'COUNTRY_3536')": 52457.18350705995,
  "('Endocrinology_and_Metabolic_Disease', 'COUNTRY_4242')": 144.19187193086032,
  "('Endocrinology_and_Metabolic_Disease', 'COUNTRY_445D')": 94277.62755283483,
  "('Endocrinology_and_Metabolic_Disease', 'COUNTRY_53A5')": 58302.84689135782,
  "('Endocrinology_and_Metabolic_Disease', 'COUNTRY_560D')": 52234.69345291334,
  "('Endocrinology_and_Metabolic_Disease', 'COUNTRY_5FEB')": 667696.3536891727,
  "('Endocrinology_and_Metabolic_Disease', 'COUNTRY_6B71')": 61139.417463186954,
  "('Endocrinology_and_Metabolic_Disease', 'COUNTRY_6F78')": 54939.09458568564,
  "('Endocrinology_and_Metabolic_Disease', 'COUNTRY_7C1A')": 5120.162231021132,
  "('Endocrinology_and_Metabolic_Disease', 'COUNTRY_88A3')": -240.01813047490072,
  "('Endocrinology_and_Metabolic_Disease', 'COUNTRY_89F9')": 20678.061011337097,
  "('Endocrinology_and_Metabolic_Disease', 'COUNTRY_9488')": 28136.31672487963,
  "('Endocrinology_and_Metabolic_Disease', 'COUNTRY_9891')": -44.844790901429015,
  "('Endocrinology_and_Metabolic_Disease', 'COUNTRY_A8F8')": 458425.2544612715,
  "('Endocrinology_and_Metabolic_Disease', 'COUNTRY_C89B')": 10.800879041843325,
  "('Endocrinology_and_Metabolic_Disease', 'COUNTRY_D5B9')": -308.96586089887126,
  "('Endocrinology_and_Metabolic_Disease', 'COUNTRY_D8B0')": -5922.372499491963,