{
  "(2, 1, 0)": {
    "method": "linear",
    "a": 0.46995331672783425,
    "b": 183647.96550476423,
    "n_samples": 150
  },
  "(2, 1, 1)": {
    "method": "linear",
    "a": 0.42411659592191114,
    "b": 139849.35835706902,
    "n_samples": 146
  },
  "(2, 1, 2)": {
    "method": "linear",
    "a": 0.4162141007193609,
    "b": 107080.71221592603,
    "n_samples": 148
  },
  "(2, 2, 0)": {
    "method": "linear",
    "a": 1.4304759997040086,
    "b": 6149.634038580116,
    "n_samples": 2062
  },
  "(2, 2, 1)": {
    "method": "linear",
    "a": 1.4506080305308986,
    "b": -53059.4627632983,
    "n_samples": 2053
  },
  "(2, 2, 2)": {
    "method": "linear",
    "a": 1.5001129012229024,
    "b": -64810.48758318322,
    "n_samples": 2069
  }
}