{
  "official_metric": 0.2646,
  "rmse_norm": 0.18433065993040146,
  "mae_norm": 0.14573043883091033,
  "r2_norm": 0.0640499333292085,
  "scenario": 2,
  "model_type": "catboost",
  "train_time_seconds": 8.45093297958374,
  "n_train_samples": 26726,
  "n_val_samples": 6628,
  "n_features": 91
}