{
  "official_metric": 0.2764,
  "rmse_norm": 0.20603340744686538,
  "mae_norm": 0.127017440470905,
  "scenario": 2,
  "model_type": "catboost",
  "train_time_seconds": 37.19999599456787,
  "n_train_samples": 28116,
  "n_val_samples": 7038,
  "n_features": 101
}