{
  "('Anti-infectives', 'COUNTRY_0024')": -776.6168382621053,
  "('Anti-infectives', 'COUNTRY_0309')": 185410.20150449872,
  "('Anti-infectives', 'COUNTRY_06E4')": 124.26655579514309,
  "('Anti-infectives', 'COUNTRY_1007')": 1721.9003096860283,
  "('Anti-infectives', 'COUNTRY_2E65')": 147.95773396014712,
  "('Anti-infectives', 'COUNTRY_4253')": 4339.370874229274,
  "('Anti-infectives', 'COUNTRY_4442')": 5647.883138848377,
  "('Anti-infectives', 'COUNTRY_445D')": 59.77684582679825,
  "('Anti-infectives', 'COUNTRY_5180')": 1130.9201766579192,
  "('Anti-infectives', 'COUNTRY_53A5')": 212396.99550146752,
  "('Anti-infectives', 'COUNTRY_551F')": 15046.07427051052,
  "('Anti-infectives', 'COUNTRY_5FEB')": 780.2696931663282,
  "('Anti-infectives', 'COUNTRY_6C16')": 3332.5797458046754,
  "('Anti-infectives', 'COUNTRY_89F9')": 53646.01335688758,
  "('Anti-infectives', 'COUNTRY_8DBB')": -176577.51096547273,
  "('Anti-infectives', 'COUNTRY_907E')": 20302.08954111478,
  "('Anti-infectives', 'COUNTRY_9891')": 6454.927254657055,
  "('Anti-infectives', 'COUNTRY_A67D')": -1743.57996353059,
  "('Anti-infectives', 'COUNTRY_A8F8')": 717131.341292471,
  "('Anti-infectives', 'COUNTRY_B6AE')": 16627.614169374738,
  "('Anti-infectives', 'COUNTRY_B835')": -1640.1081650339788,
  "('Anti-infectives', 'COUNTRY_C51E')": -251.40288265602592,
  "('Anti-infectives', 'COUNTRY_C8F4')": 4812.714321350382,
  "('Anti-infectives', 'COUNTRY_D5B9')": -44.45182665661494,
  "('Anti-infectives', 'COUNTRY_D8B0')": -21206.853043589883,
  "('Anti-infectives', 'COUNTRY_EA71')": 23660.030804538146,
  "('Anti-infectives', 'COUNTRY_F75D')": 14364.33176693086,
  "('Antineoplastic_and_immunology', 'COUNTRY_0024')": 411.8533801281707,
  "('Antineoplastic_and_immunology', 'COUNTRY_01A1')": 233.02487531128196,
  "('Antineoplastic_and_immunology', 'COUNTRY_0309')": 12525.919013238628,
  "('Antineoplastic_and_immunology', 'COUNTRY_06E4')": 13036.980673784119,
  "('Antineoplastic_and_immunology', 'COUNTRY_0C7D')": 157.67814249797001,
  "('Antineoplastic_and_immunology', 'COUNTRY_1007')": 17564.569030871702,
  "('Antineoplastic_and_immunology', 'COUNTRY_221C')": 353.225547393945,
  "('Antineoplastic_and_immunology', 'COUNTRY_2AFC')": 10538.113413925861,
  "('Antineoplastic_and_immunology', 'COUNTRY_2E65')": 4.083474146638732,
  "('Antineoplastic_and_immunology', 'COUNTRY_3AD0')": 22089.346886240975,
  "('Antineoplastic_and_immunology', 'COUNTRY_4242')": -1186.2112229103705,
  "('Antineoplastic_and_immunology', 'COUNTRY_4253')": 179754.31215502124,
  "('Antineoplastic_and_immunology', 'COUNTRY_4442')": 57273.707862485666,
  "('Antineoplastic_and_immunology', 'COUNTRY_445D')": 133.51593243133917,
  "('Antineoplastic_and_immunology', 'COUNTRY_4D4A')": 6132.421305235165,
  "('Antineoplastic_and_immunology', 'COUNTRY_5180')": 12806.885205772167,
  "('Antineoplastic_and_immunology', 'COUNTRY_53A5')": 17790.51794279474,
  "('Antineoplastic_and_immunology', 'COUNTRY_551F')": 807.6634294743152,
  "('Antineoplastic_and_immunology', 'COUNTRY_560D')": 3041.947422397239,
  "('Antineoplastic_and_immunology', 'COUNTRY_6F78')": -169.43733717753406,
  "('Antineoplastic_and_immunology', 'COUNTRY_7D31')": -3558336.3250318887,
  "('Antineoplastic_and_immunology', 'COUNTRY_88A3')": 593.9721214960035,
  "('Antineoplastic_and_immunology', 'COUNTRY_89F9')": 25370.926028954356,
  "('Antineoplastic_and_immunology', 'COUNTRY_8DBB')": -9436.330955419533,
  "('Antineoplastic_and_immunology', 'COUNTRY_907E')": 10411.984719844399,
  "('Antineoplastic_and_immunology', 'COUNTRY_9891')": 16258.393952999559,
  "('Antineoplastic_and_immunology', 'COUNTRY_A67D')": -61456.68071159785,
  "('Antineoplastic_and_immunology', 'COUNTRY_C51E')": -3137.1265939490263,
  "('Antineoplastic_and_immunology', 'COUNTRY_C89B')": 246.4273181416739,
  "('Antineoplastic_and_immunology', 'COUNTRY_C8F4')": -67.82975110835096,
  "('Antineoplastic_and_immunology', 'COUNTRY_D8B0')": 7370.110703585126,
  "('Antineoplastic_and_immunology', 'COUNTRY_EA71')": 17.247480105788423,
  "('Antineoplastic_and_immunology', 'COUNTRY_F75D')": 4423.774964996646,
  "('Antineoplastic_and_immunology', 'COUNTRY_FA79')": -3146.466484715998,
  "('Cardiovascular_Metabolic', 'COUNTRY_0024')": 19863.22879864345,
  "('Cardiovascular_Metabolic', 'COUNTRY_0309')": -400360.3725380276,
  "('Cardiovascular_Metabolic', 'COUNTRY_06E4')": 61307.480534767645,
  "('Cardiovascular_Metabolic', 'COUNTRY_1007')": 158482.37219818603,
  "('Cardiovascular_Metabolic', 'COUNTRY_2E65')": 14289.76458583177,
  "('Cardiovascular_Metabolic', 'COUNTRY_3536')": 2279.8969639130682,
  "('Cardiovascular_Metabolic', 'COUNTRY_3AD0')": 96000.02099844813,
  "('Cardiovascular_Metabolic', 'COUNTRY_445D')": -779327.8467916567,
  "('Cardiovascular_Metabolic', 'COUNTRY_53A5')": 1299604.4638644995,
  "('Cardiovascular_Metabolic', 'COUNTRY_560D')": 708.6463123595153,
  "('Cardiovascular_Metabolic', 'COUNTRY_5FEB')": 595.5714190717734,
  "('Cardiovascular_Metabolic', 'COUNTRY_6B71')": 88574259.11063886,
  "('Cardiovascular_Metabolic', 'COUNTRY_6C16')": 3430918.386653936,
  "('Cardiovascular_Metabolic', 'COUNTRY_88A3')": 29187.549940059504,
  "('Cardiovascular_Metabolic', 'COUNTRY_89F9')": 4357.39636120354,
  "('Cardiovascular_Metabolic', 'COUNTRY_8DBB')": 7525.952049916947,
  "('Cardiovascular_Metabolic', 'COUNTRY_907E')": 515306.7932289731,
  "('Cardiovascular_Metabolic', 'COUNTRY_C89B')": 84058.6293159184,
  "('Cardiovascular_Metabolic', 'COUNTRY_D5B9')": 53901.053251269404,
  "('Cardiovascular_Metabolic', 'COUNTRY_D6DA')": 86085.02432987171,
  "('Cardiovascular_Metabolic', 'COUNTRY_D8B0')": 198232.58014266772,
  "('Cardiovascular_Metabolic', 'COUNTRY_EA71')": 258737.6505510707,
  "('Cardiovascular_Metabolic', 'COUNTRY_EF33')": 15921.424613611725,
  "('Dermatology', 'COUNTRY_4253')": 241641.28692662262,
  "('Dermatology', 'COUNTRY_5FEB')": 1930472.9808784288,
  "('Dermatology', 'COUNTRY_6B71')": 6667.728582532355,
  "('Dermatology', 'COUNTRY_6C16')": 2029.4325041741497,
  "('Dermatology', 'COUNTRY_7C1A')": 31401.42987355236,
  "('Dermatology', 'COUNTRY_89F9')": 67389.85520974481,
  "('Dermatology', 'COUNTRY_907E')": -35039.8559580665,
  "('Dermatology', 'COUNTRY_A8F8')": 18622.649767765823,
  "('Dermatology', 'COUNTRY_D5B9')": -3643.997435892133,
  "('Dermatology', 'COUNTRY_EF33')": 9215.994419725668,
  "('Dermatology', 'COUNTRY_F75D')": -3095.8314492896407,
  "('Endocrinology_and_Metabolic_Disease', 'COUNTRY_0309')": 486231.4420995611,
  "('Endocrinology_and_Metabolic_Disease', 'COUNTRY_0C7D')": 1409.8030474836535,
  "('Endocrinology_and_Metabolic_Disease', 'COUNTRY_1007')": 900.497287270742,
  "('Endocrinology_and_Metabolic_Disease', 'COUNTRY_3536')": 56071.8461062514,
  "('Endocrinology_and_Metabolic_Disease', 'COUNTRY_4242')": 458.1468229326205,
  "('Endocrinology_and_Metabolic_Disease', 'COUNTRY_445D')": 128292.92710025866,
  "('Endocrinology_and_Metabolic_Disease', 'COUNTRY_53A5')": 58710.26835822647,
  "('Endocrinology_and_Metabolic_Disease', 'COUNTRY_560D')": 120481.08757923084,
  "('Endocrinology_and_Metabolic_Disease', 'COUNTRY_5FEB')": 908266.8469445085,
  "('Endocrinology_and_Metabolic_Disease', 'COUNTRY_6B71')": 76844.28613391954,
  "('Endocrinology_and_Metabolic_Disease', 'COUNTRY_6F78')": 79773.00680487126,
  "('Endocrinology_and_Metabolic_Disease', 'COUNTRY_7C1A')": 11094.84719030634,
  "('Endocrinology_and_Metabolic_Disease', 'COUNTRY_88A3')": -459.0625298822027,
  "('Endocrinology_and_Metabolic_Disease', 'COUNTRY_89F9')": 13760.33993144434,
  "('Endocrinology_and_Metabolic_Disease', 'COUNTRY_9488')": 25797.97458631083,
  "('Endocrinology_and_Metabolic_Disease', 'COUNTRY_9891')": 170.57149743538284,
  "('Endocrinology_and_Metabolic_Disease', 'COUNTRY_A8F8')": 695018.3512204807,
  "('Endocrinology_and_Metabolic_Disease', 'COUNTRY_C89B')": -1890.6859589732085,
  "('Endocrinology_and_Metabolic_Disease', 'COUNTRY_D5B9')": -57.26086807806899,