{
  "official_metric": 0.2993,
  "rmse_norm": 0.2099550033970584,
  "mae_norm": 0.12934960624215647,
  "scenario": 2,
  "model_type": "xgboost",
  "train_time_seconds": 5.543019771575928,
  "n_train_samples": 28116,
  "n_val_samples": 7038,
  "n_features": 101
}