{
  "official_metric": 0.2976,
  "rmse_norm": 0.20722946333877826,
  "mae_norm": 0.12811161985034292,
  "scenario": 2,
  "model_type": "xgboost",
  "train_time_seconds": 4.33872127532959,
  "n_train_samples": 28116,
  "n_val_samples": 7038,
  "n_features": 101
}