{
  "('Anti-infectives', 'COUNTRY_0024')": -486.3816200304137,
  "('Anti-infectives', 'COUNTRY_0309')": 376292.6212745186,
  "('Anti-infectives', 'COUNTRY_06E4')": 185.91701735187345,
  "('Anti-infectives', 'COUNTRY_1007')": 779.6668187832572,
  "('Anti-infectives', 'COUNTRY_2E65')": 224.639341803207,
  "('Anti-infectives', 'COUNTRY_4253')": 3602.8084999152716,
  "('Anti-infectives', 'COUNTRY_4442')": 6469.771085213486,
  "('Anti-infectives', 'COUNTRY_445D')": -1246.7877939064858,
  "('Anti-infectives', 'COUNTRY_5180')": 1352.350570287202,
  "('Anti-infectives', 'COUNTRY_53A5')": 319534.8864175023,
  "('Anti-infectives', 'COUNTRY_551F')": 12370.437457531303,
  "('Anti-infectives', 'COUNTRY_5FEB')": 1064.2686690987464,
  "('Anti-infectives', 'COUNTRY_6C16')": 2042.346537949576,
  "('Anti-infectives', 'COUNTRY_89F9')": 20705.563185084593,
  "('Anti-infectives', 'COUNTRY_8DBB')": 88045.41210842246,
  "('Anti-infectives', 'COUNTRY_907E')": -23279.038909541094,
  "('Anti-infectives', 'COUNTRY_9891')": 7250.8801775217435,
  "('Anti-infectives', 'COUNTRY_A67D')": -1353.1667576037908,
  "('Anti-infectives', 'COUNTRY_A8F8')": 694898.4029832683,
  "('Anti-infectives', 'COUNTRY_B6AE')": 4782.8035930561555,
  "('Anti-infectives', 'COUNTRY_B835')": 1308.501667805792,
  "('Anti-infectives', 'COUNTRY_C51E')": -985.3153667911475,
  "('Anti-infectives', 'COUNTRY_C8F4')": 2453.10483981936,
  "('Anti-infectives', 'COUNTRY_D5B9')": 180.27943024458605,
  "('Anti-infectives', 'COUNTRY_D8B0')": -7719.02776738246,
  "('Anti-infectives', 'COUNTRY_EA71')": -1538.5401165593073,
  "('Anti-infectives', 'COUNTRY_F75D')": -108.43174585716406,
  "('Antineoplastic_and_immunology', 'COUNTRY_0024')": 289.98473130814676,
  "('Antineoplastic_and_immunology', 'COUNTRY_01A1')": 298.9978531443247,
  "('Antineoplastic_and_immunology', 'COUNTRY_0309')": 9908.040028182564,
  "('Antineoplastic_and_immunology', 'COUNTRY_06E4')": 14809.00214756212,
  "('Antineoplastic_and_immunology', 'COUNTRY_0C7D')": 103.51806398432073,
  "('Antineoplastic_and_immunology', 'COUNTRY_1007')": 9542.798051839893,
  "('Antineoplastic_and_immunology', 'COUNTRY_221C')": 832.8364718204109,
  "('Antineoplastic_and_immunology', 'COUNTRY_2AFC')": 9991.2359173796,
  "('Antineoplastic_and_immunology', 'COUNTRY_2E65')": 15.105301171415011,
  "('Antineoplastic_and_immunology', 'COUNTRY_3AD0')": 21166.32865839225,
  "('Antineoplastic_and_immunology', 'COUNTRY_4242')": -205.92157757455948,
  "('Antineoplastic_and_immunology', 'COUNTRY_4253')": 180322.8308616977,
  "('Antineoplastic_and_immunology', 'COUNTRY_4442')": 36352.37834304445,
  "('Antineoplastic_and_immunology', 'COUNTRY_445D')": -725.3628189866879,
  "('Antineoplastic_and_immunology', 'COUNTRY_4D4A')": 3157.007644400386,
  "('Antineoplastic_and_immunology', 'COUNTRY_5180')": 9418.859082781517,
  "('Antineoplastic_and_immunology', 'COUNTRY_53A5')": 11214.128222260062,
  "('Antineoplastic_and_immunology', 'COUNTRY_551F')": 748.8533500067695,
  "('Antineoplastic_and_immunology', 'COUNTRY_560D')": 2076.881646699604,
  "('Antineoplastic_and_immunology', 'COUNTRY_6F78')": -120.3958001427264,
  "('Antineoplastic_and_immunology', 'COUNTRY_7D31')": 5389811.077407475,
  "('Antineoplastic_and_immunology', 'COUNTRY_88A3')": 423.9352002338974,
  "('Antineoplastic_and_immunology', 'COUNTRY_89F9')": 14471.686436680571,
  "('Antineoplastic_and_immunology', 'COUNTRY_8DBB')": 81959.62879575479,
  "('Antineoplastic_and_immunology', 'COUNTRY_907E')": 8183.387147090251,
  "('Antineoplastic_and_immunology', 'COUNTRY_9891')": 12194.490768536247,
  "('Antineoplastic_and_immunology', 'COUNTRY_A67D')": -75990.3305293008,
  "('Antineoplastic_and_immunology', 'COUNTRY_C51E')": 3359.839243090545,
  "('Antineoplastic_and_immunology', 'COUNTRY_C89B')": 166.16651603480048,
  "('Antineoplastic_and_immunology', 'COUNTRY_C8F4')": -55.76109079972337,
  "('Antineoplastic_and_immunology', 'COUNTRY_D8B0')": 4646.217362578324,
  "('Antineoplastic_and_immunology', 'COUNTRY_EA71')": -22.57884150193488,
  "('Antineoplastic_and_immunology', 'COUNTRY_F75D')": -5108.351568809965,
  "('Antineoplastic_and_immunology', 'COUNTRY_FA79')": -447.5164438046009,
  "('Cardiovascular_Metabolic', 'COUNTRY_0024')": 28172.293900184046,
  "('Cardiovascular_Metabolic', 'COUNTRY_0309')": 174615.3621229722,
  "('Cardiovascular_Metabolic', 'COUNTRY_06E4')": 45571.86772984689,
  "('Cardiovascular_Metabolic', 'COUNTRY_1007')": 160363.1891398355,
  "('Cardiovascular_Metabolic', 'COUNTRY_2E65')": 15189.97186397471,
  "('Cardiovascular_Metabolic', 'COUNTRY_3536')": 3137.520000933443,
  "('Cardiovascular_Metabolic', 'COUNTRY_3AD0')": 86224.38166827023,
  "('Cardiovascular_Metabolic', 'COUNTRY_445D')": 100538.57229680159,
  "('Cardiovascular_Metabolic', 'COUNTRY_53A5')": 2269532.628223497,
  "('Cardiovascular_Metabolic', 'COUNTRY_560D')": 589.5676088901213,
  "('Cardiovascular_Metabolic', 'COUNTRY_5FEB')": 413.6383612721866,
  "('Cardiovascular_Metabolic', 'COUNTRY_6B71')": 52441731.8316465,
  "('Cardiovascular_Metabolic', 'COUNTRY_6C16')": 2847916.743205447,
  "('Cardiovascular_Metabolic', 'COUNTRY_88A3')": -1643.7253710504503,
  "('Cardiovascular_Metabolic', 'COUNTRY_89F9')": 4347.780052747854,
  "('Cardiovascular_Metabolic', 'COUNTRY_8DBB')": 5902.063851857205,
  "('Cardiovascular_Metabolic', 'COUNTRY_907E')": 430994.45671210194,
  "('Cardiovascular_Metabolic', 'COUNTRY_C89B')": 63556.917126133325,
  "('Cardiovascular_Metabolic', 'COUNTRY_D5B9')": 45539.245400332635,
  "('Cardiovascular_Metabolic', 'COUNTRY_D6DA')": 70208.94455093092,
  "('Cardiovascular_Metabolic', 'COUNTRY_D8B0')": -20006.152134434342,
  "('Cardiovascular_Metabolic', 'COUNTRY_EA71')": 186055.10999259094,
  "('Cardiovascular_Metabolic', 'COUNTRY_EF33')": 11552.198636674468,
  "('Dermatology', 'COUNTRY_4253')": 188305.6768587342,
  "('Dermatology', 'COUNTRY_5FEB')": 1931424.5611406143,
  "('Dermatology', 'COUNTRY_6B71')": 4327.828993453247,
  "('Dermatology', 'COUNTRY_6C16')": 1706.5469445211625,
  "('Dermatology', 'COUNTRY_7C1A')": 27532.46418065314,
  "('Dermatology', 'COUNTRY_89F9')": 45502.85260753304,
  "('Dermatology', 'COUNTRY_907E')": -78061.01482759899,
  "('Dermatology', 'COUNTRY_A8F8')": 34969.07681021687,
  "('Dermatology', 'COUNTRY_D5B9')": 1047.1868794534282,
  "('Dermatology', 'COUNTRY_EF33')": 4316.152639506117,
  "('Dermatology', 'COUNTRY_F75D')": 6255.132960842338,
  "('Endocrinology_and_Metabolic_Disease', 'COUNTRY_0309')": 404175.33714470704,
  "('Endocrinology_and_Metabolic_Disease', 'COUNTRY_0C7D')": 959.348175315889,
  "('Endocrinology_and_Metabolic_Disease', 'COUNTRY_1007')": 716.0926048337567,
  "('Endocrinology_and_Metabolic_Disease', 'COUNTRY_3536')": 55924.10035182814,
  "('Endocrinology_and_Metabolic_Disease', 'COUNTRY_4242')": 167.648302892962,
  "('Endocrinology_and_Metabolic_Disease', 'COUNTRY_445D')": 98424.87015819542,
  "('Endocrinology_and_Metabolic_Disease', 'COUNTRY_53A5')": 55438.12114652321,
  "('Endocrinology_and_Metabolic_Disease', 'COUNTRY_560D')": 55635.565101181295,
  "('Endocrinology_and_Metabolic_Disease', 'COUNTRY_5FEB')": 701582.7310956212,
  "('Endocrinology_and_Metabolic_Disease', 'COUNTRY_6B71')": 64113.56035649598,
  "('Endocrinology_and_Metabolic_Disease', 'COUNTRY_6F78')": 59478.124697094834,
  "('Endocrinology_and_Metabolic_Disease', 'COUNTRY_7C1A')": 3727.4847375774457,
  "('Endocrinology_and_Metabolic_Disease', 'COUNTRY_88A3')": -234.78532409175048,
  "('Endocrinology_and_Metabolic_Disease', 'COUNTRY_89F9')": 20813.394061767412,
  "('Endocrinology_and_Metabolic_Disease', 'COUNTRY_9488')": 28841.341986431304,
  "('Endocrinology_and_Metabolic_Disease', 'COUNTRY_9891')": -49.660967682587994,
  "('Endocrinology_and_Metabolic_Disease', 'COUNTRY_A8F8')": 444155.5517761126,
  "('Endocrinology_and_Metabolic_Disease', 'COUNTRY_C89B')": 105.59630075044707,
  "('Endocrinology_and_Metabolic_Disease', 'COUNTRY_D5B9')": -316.8174443475515,
  "('Endocrinology_and_Metabolic_Disease', 'COUNTRY_D8B0')": -6076.690325076425,