{
  "(2, 1, 0)": {
    "method": "linear",
    "a": 0.4589392647468778,
    "b": 194596.24673503148,
    "n_samples": 150
  },
  "(2, 1, 1)": {
    "method": "linear",
    "a": 0.387131325060481,
    "b": 163926.6419243912,
    "n_samples": 146
  },
  "(2, 1, 2)": {
    "method": "linear",
    "a": 0.3772885059012357,
    "b": 131538.78157387138,
    "n_samples": 148
  },
  "(2, 2, 0)": {
    "method": "linear",
    "a": 1.4378930529038019,
    "b": 8542.894620954059,
    "n_samples": 2062
  },
  "(2, 2, 1)": {
    "method": "linear",
    "a": 1.458919440939848,
    "b": -55071.23043172434,
    "n_samples": 2053
  },
  "(2, 2, 2)": {
    "method": "linear",
    "a": 1.5122003996837805,
    "b": -69782.01866686344,
    "n_samples": 2069
  }
}