model,final_score,bucket1_pe,bucket2_pe
Baseline-ExpDecay(0.020),0.14827707740766516,,0.14827707740766516
Baseline-NoErosion,0.2469817360082024,,0.24698173600820236
ARHOW-SARIMAX+HW,0.27922731858520816,,0.27922731858520816
Hybrid-Physics+LightGBM,0.37563790250216966,,0.37563790250216966
Hybrid-Physics+XGBoost,0.5016593935761151,,0.5016593935761151
LightGBM,0.5179908470057952,,0.5179908470057952
XGBoost,0.5595566503464428,,0.5595566503464428
