model,final_score,bucket1_pe,bucket2_pe
Baseline-ExpDecay(0.050),1.1768511853633725,0.50144015296568,0.17397087943201278
Baseline-NoErosion,1.837601568620585,0.7649665410563482,0.3076684865078888
XGBoost,2.842682281801181,0.8880378239824547,1.0666066338362716
LightGBM,14.932109298688786,4.7140199846328334,5.504069329423119
