model,final_score,bucket1_pe,bucket2_pe
Baseline-ExpDecay(0.050),1.1049386914486414,0.4472166036707129,0.21050548410721576
XGBoost,1.6640150689620927,0.47932680360550955,0.7053614617510738
Baseline-NoErosion,2.1821933924988546,0.8912521804457353,0.39968903160738445
LightGBM,3.4536378602938167,0.9888440165578866,1.4759498271780438
Hybrid-Physics+XGBoost,7.198970240896253,1.445386330359448,4.3081975801773575
Hybrid-Physics+LightGBM,24.495288543628373,7.783635910705252,8.928016722217869
