model,final_score,bucket1_pe,bucket2_pe
Baseline-ExpDecay(0.050),1.1049386914486414,0.4472166036707129,0.21050548410721576
Baseline-NoErosion,2.1821933924988546,0.8912521804457353,0.39968903160738445
XGBoost,6.740823586962122,1.856659854343995,3.0275038782741333
Hybrid-Physics+XGBoost,7.198970240896253,1.445386330359448,4.3081975801773575
LightGBM,7.570705886355761,2.1542823678891923,3.2621411505773765
Hybrid-Physics+LightGBM,24.495288543628373,7.783635910705252,8.928016722217869
