model,final_score,bucket1_pe,bucket2_pe
Baseline-ExpDecay(0.020),0.1579609376605377,,0.1579609376605377
Hybrid-Physics+LightGBM,0.20860135765383375,,0.20860135765383375
Hybrid-Physics+XGBoost,0.32578685729514206,,0.325786857295142
Baseline-NoErosion,0.32887024165391177,,0.3288702416539117
LightGBM,0.3315798186625656,,0.33157981866256553
ARHOW-SARIMAX+HW,0.4062105966049385,,0.4062105966049385
XGBoost,0.644501115625438,,0.6445011156254379
