model,final_score,bucket1_pe,bucket2_pe
XGBoost,0.6055522772436419,0.18200287308481264,0.24154653107401666
Hybrid-Physics+LightGBM,1.0443325985246947,0.3647263596691617,0.3148798791863712
Baseline-ExpDecay(0.050),1.1768511853633725,0.50144015296568,0.17397087943201278
LightGBM,1.2096371939693904,0.3441383554985564,0.5213604829722776
Hybrid-Physics+XGBoost,1.4366906944500186,0.4413315371671323,0.5540276201157541
Baseline-NoErosion,1.837601568620585,0.7649665410563482,0.3076684865078888
