model,final_score,bucket1_pe,bucket2_pe
Baseline-ExpDecay(0.020),0.14827707740766516,,0.14827707740766516
Baseline-NoErosion,0.2469817360082024,,0.24698173600820236
Hybrid-Physics+LightGBM,0.274189602276238,,0.274189602276238
ARHOW-SARIMAX+HW,0.27922731858520816,,0.27922731858520816
XGBoost,0.4458107322118247,,0.44581073221182466
Hybrid-Physics+XGBoost,0.46041915855031035,,0.4604191585503103
LightGBM,0.4858480971817871,,0.48584809718178706
