model,final_score,bucket1_pe,bucket2_pe
Baseline-ExpDecay(0.050),1.1049386914486414,0.4472166036707129,0.21050548410721576
Baseline-NoErosion,2.1821933924988546,0.8912521804457353,0.39968903160738445
XGBoost,3.0454004080843218,0.8600779718257895,1.325244464432743
LightGBM,4.310257068593184,1.2331233126724899,1.844010443248204
Hybrid-Physics+XGBoost,7.198970240896253,1.445386330359448,4.3081975801773575
Hybrid-Physics+LightGBM,24.495288543628373,7.783635910705252,8.928016722217869
