model,final_score,bucket1_pe,bucket2_pe
Baseline-ExpDecay(0.020),0.14827707740766516,,0.14827707740766516
Hybrid-Physics+LightGBM,0.22937895417566248,,0.22937895417566248
Baseline-NoErosion,0.2469817360082024,,0.24698173600820236
Hybrid-Physics+XGBoost,0.2716413346596942,,0.2716413346596942
ARIHOW-ARIMA+HW,0.3349247048428699,,0.3349247048428699
LightGBM,0.3431841931656028,,0.3431841931656028
XGBoost,0.673776987117954,,0.673776987117954
