model,final_score,bucket1_pe,bucket2_pe
Hybrid-Physics+LightGBM,1.0443325985246947,0.3647263596691617,0.3148798791863712
Baseline-ExpDecay(0.050),1.1768511853633725,0.50144015296568,0.17397087943201278
Hybrid-Physics+XGBoost,1.4366906944500186,0.4413315371671323,0.5540276201157541
Baseline-NoErosion,1.837601568620585,0.7649665410563482,0.3076684865078888
XGBoost,2.623337180459152,0.7462074730812861,1.13092223429658
LightGBM,3.682599458915311,1.0576096506162997,1.5673801576827113
