model,final_score,bucket1_pe,bucket2_pe
XGBoost,0.7061601815149516,0.21137771213078624,0.28340475725337916
Baseline-ExpDecay(0.050),1.1049386914486414,0.4472166036707129,0.21050548410721576
LightGBM,1.4648777329797378,0.40264031089561003,0.6595971111885177
Baseline-NoErosion,2.1821933924988546,0.8912521804457353,0.39968903160738445
Hybrid-Physics+XGBoost,7.198970240896253,1.445386330359448,4.3081975801773575
Hybrid-Physics+LightGBM,24.495288543628373,7.783635910705252,8.928016722217869
