model,final_score,bucket1_pe,bucket2_pe
Hybrid-Physics+LightGBM,1.0443325985246947,0.3647263596691617,0.3148798791863712
Baseline-ExpDecay(0.050),1.1768511853633725,0.50144015296568,0.17397087943201278
XGBoost,1.367717093454595,0.3893896521585603,0.5889377891374745
Hybrid-Physics+XGBoost,1.4366906944500186,0.4413315371671323,0.5540276201157541
Baseline-NoErosion,1.837601568620585,0.7649665410563482,0.3076684865078888
LightGBM,2.931070193695871,0.8313801976339533,1.2683097984279643
