generics_bin,mean_volume,std_volume,count
1-2,1892714.1837152992,15072677.656918261,17324
3-5,894814.228608049,3279852.779481819,7742
6-10,1384491.4869490846,4006566.2511812476,4425
11-20,2682349.8970299237,4527276.892104573,2361
20+,9662260.603687828,10736213.748119403,456
