feature,correlation,n_samples,mean,std
volume_lag_1,0.952603394504955,93744,1932668.9439919335,12583314.137097826
volume_lag_3,0.9058233909285167,93744,1884148.543606238,12462850.132382218
volume_lag_6,0.8519627464747493,93744,1807451.2855309993,12256836.459011778
volume_lag_12,0.7170453675900975,93744,1649709.0608109091,11843229.512337882
pre_loe_growth_flag,-0.013956425846087292,93744,0.5811571940604199,0.49337217843823633
