{
  "('Anti-infectives', 'COUNTRY_0024')": -454.38097136656256,
  "('Anti-infectives', 'COUNTRY_0309')": 372681.50874025293,
  "('Anti-infectives', 'COUNTRY_06E4')": 202.9163081225737,
  "('Anti-infectives', 'COUNTRY_1007')": 949.8887386664288,
  "('Anti-infectives', 'COUNTRY_2E65')": 223.96196724860218,
  "('Anti-infectives', 'COUNTRY_4253')": 3513.762652710491,
  "('Anti-infectives', 'COUNTRY_4442')": 6156.636531846507,
  "('Anti-infectives', 'COUNTRY_445D')": -1196.868926563362,
  "('Anti-infectives', 'COUNTRY_5180')": 1352.752555952558,
  "('Anti-infectives', 'COUNTRY_53A5')": 317606.67365328345,
  "('Anti-infectives', 'COUNTRY_551F')": 12350.659652932913,
  "('Anti-infectives', 'COUNTRY_5FEB')": 1043.6121388441748,
  "('Anti-infectives', 'COUNTRY_6C16')": 1984.1965025928152,
  "('Anti-infectives', 'COUNTRY_89F9')": 21536.115776747578,
  "('Anti-infectives', 'COUNTRY_8DBB')": 63441.03643761347,
  "('Anti-infectives', 'COUNTRY_907E')": -22240.768511563685,
  "('Anti-infectives', 'COUNTRY_9891')": 7155.1061666733085,
  "('Anti-infectives', 'COUNTRY_A67D')": -1176.6853074985274,
  "('Anti-infectives', 'COUNTRY_A8F8')": 709777.2554226436,
  "('Anti-infectives', 'COUNTRY_B6AE')": 5778.166366493612,
  "('Anti-infectives', 'COUNTRY_B835')": 1247.1256035430924,
  "('Anti-infectives', 'COUNTRY_C51E')": -990.3094624229153,
  "('Anti-infectives', 'COUNTRY_C8F4')": 2381.831127611069,
  "('Anti-infectives', 'COUNTRY_D5B9')": 144.23119093146312,
  "('Anti-infectives', 'COUNTRY_D8B0')": -1326.8663978854402,
  "('Anti-infectives', 'COUNTRY_EA71')": -2301.2656711600766,
  "('Anti-infectives', 'COUNTRY_F75D')": 239.6699265227071,
  "('Antineoplastic_and_immunology', 'COUNTRY_0024')": 269.88270473708434,
  "('Antineoplastic_and_immunology', 'COUNTRY_01A1')": 309.1899940058133,
  "('Antineoplastic_and_immunology', 'COUNTRY_0309')": 10077.813347284184,
  "('Antineoplastic_and_immunology', 'COUNTRY_06E4')": 14729.438922692229,
  "('Antineoplastic_and_immunology', 'COUNTRY_0C7D')": 97.31182365609895,
  "('Antineoplastic_and_immunology', 'COUNTRY_1007')": 9019.408343776515,
  "('Antineoplastic_and_immunology', 'COUNTRY_221C')": 742.7651493845882,
  "('Antineoplastic_and_immunology', 'COUNTRY_2AFC')": 9889.842122037278,
  "('Antineoplastic_and_immunology', 'COUNTRY_2E65')": 13.603897570976207,
  "('Antineoplastic_and_immunology', 'COUNTRY_3AD0')": 20969.14835087572,
  "('Antineoplastic_and_immunology', 'COUNTRY_4242')": -234.1677005760104,
  "('Antineoplastic_and_immunology', 'COUNTRY_4253')": 180327.5257219476,
  "('Antineoplastic_and_immunology', 'COUNTRY_4442')": 32838.326635004116,
  "('Antineoplastic_and_immunology', 'COUNTRY_445D')": -743.6024202686286,
  "('Antineoplastic_and_immunology', 'COUNTRY_4D4A')": 3047.442193605676,
  "('Antineoplastic_and_immunology', 'COUNTRY_5180')": 9344.71176548517,
  "('Antineoplastic_and_immunology', 'COUNTRY_53A5')": 11382.244623808616,
  "('Antineoplastic_and_immunology', 'COUNTRY_551F')": 776.3114670849181,
  "('Antineoplastic_and_immunology', 'COUNTRY_560D')": 2350.245925822242,
  "('Antineoplastic_and_immunology', 'COUNTRY_6F78')": -133.26069614305445,
  "('Antineoplastic_and_immunology', 'COUNTRY_7D31')": 5365169.1571644265,
  "('Antineoplastic_and_immunology', 'COUNTRY_88A3')": 423.3574552327403,
  "('Antineoplastic_and_immunology', 'COUNTRY_89F9')": 14791.92263503979,
  "('Antineoplastic_and_immunology', 'COUNTRY_8DBB')": 79353.89273044166,
  "('Antineoplastic_and_immunology', 'COUNTRY_907E')": 8674.354808167098,
  "('Antineoplastic_and_immunology', 'COUNTRY_9891')": 12219.3499702617,
  "('Antineoplastic_and_immunology', 'COUNTRY_A67D')": -73394.36474521975,
  "('Antineoplastic_and_immunology', 'COUNTRY_C51E')": 3716.875070799665,
  "('Antineoplastic_and_immunology', 'COUNTRY_C89B')": 153.5815313135965,
  "('Antineoplastic_and_immunology', 'COUNTRY_C8F4')": -390.0095656987884,
  "('Antineoplastic_and_immunology', 'COUNTRY_D8B0')": 4647.880834948518,
  "('Antineoplastic_and_immunology', 'COUNTRY_EA71')": -12.374433051498405,
  "('Antineoplastic_and_immunology', 'COUNTRY_F75D')": -4846.856676513209,
  "('Antineoplastic_and_immunology', 'COUNTRY_FA79')": -496.60730086086903,
  "('Cardiovascular_Metabolic', 'COUNTRY_0024')": 27557.996249113312,
  "('Cardiovascular_Metabolic', 'COUNTRY_0309')": 175974.17842098733,
  "('Cardiovascular_Metabolic', 'COUNTRY_06E4')": 46376.46206568939,
  "('Cardiovascular_Metabolic', 'COUNTRY_1007')": 163155.27549961553,
  "('Cardiovascular_Metabolic', 'COUNTRY_2E65')": 15255.204406837729,
  "('Cardiovascular_Metabolic', 'COUNTRY_3536')": 3382.438260896538,
  "('Cardiovascular_Metabolic', 'COUNTRY_3AD0')": 92796.48052220492,
  "('Cardiovascular_Metabolic', 'COUNTRY_445D')": 81215.42961430126,
  "('Cardiovascular_Metabolic', 'COUNTRY_53A5')": 2163219.937965777,
  "('Cardiovascular_Metabolic', 'COUNTRY_560D')": 621.8688221529646,
  "('Cardiovascular_Metabolic', 'COUNTRY_5FEB')": 457.11350558269453,
  "('Cardiovascular_Metabolic', 'COUNTRY_6B71')": 51046339.99735947,
  "('Cardiovascular_Metabolic', 'COUNTRY_6C16')": 2812895.8307496384,
  "('Cardiovascular_Metabolic', 'COUNTRY_88A3')": -1790.2744378213185,
  "('Cardiovascular_Metabolic', 'COUNTRY_89F9')": 4189.81297066803,
  "('Cardiovascular_Metabolic', 'COUNTRY_8DBB')": 6063.969802163918,
  "('Cardiovascular_Metabolic', 'COUNTRY_907E')": 438266.4066015761,
  "('Cardiovascular_Metabolic', 'COUNTRY_C89B')": 65066.30736640457,
  "('Cardiovascular_Metabolic', 'COUNTRY_D5B9')": 46282.203108028814,
  "('Cardiovascular_Metabolic', 'COUNTRY_D6DA')": 72082.3444393617,
  "('Cardiovascular_Metabolic', 'COUNTRY_D8B0')": -19790.430023717727,
  "('Cardiovascular_Metabolic', 'COUNTRY_EA71')": 191523.2352682163,
  "('Cardiovascular_Metabolic', 'COUNTRY_EF33')": 11403.968564197949,
  "('Dermatology', 'COUNTRY_4253')": 187793.52163642863,
  "('Dermatology', 'COUNTRY_5FEB')": 1933252.61002841,
  "('Dermatology', 'COUNTRY_6B71')": 4176.749996534583,
  "('Dermatology', 'COUNTRY_6C16')": 1813.8544196503562,
  "('Dermatology', 'COUNTRY_7C1A')": 27430.1257649428,
  "('Dermatology', 'COUNTRY_89F9')": 45705.2436075212,
  "('Dermatology', 'COUNTRY_907E')": -79611.51374140727,
  "('Dermatology', 'COUNTRY_A8F8')": 35361.96230470037,
  "('Dermatology', 'COUNTRY_D5B9')": 890.7634128160482,
  "('Dermatology', 'COUNTRY_EF33')": 4365.304444628127,
  "('Dermatology', 'COUNTRY_F75D')": 8783.321022459548,
  "('Endocrinology_and_Metabolic_Disease', 'COUNTRY_0309')": 397552.4886241465,
  "('Endocrinology_and_Metabolic_Disease', 'COUNTRY_0C7D')": 1207.1801111826903,
  "('Endocrinology_and_Metabolic_Disease', 'COUNTRY_1007')": 728.8320822808623,
  "('Endocrinology_and_Metabolic_Disease', 'COUNTRY_3536')": 54386.927407673415,
  "('Endocrinology_and_Metabolic_Disease', 'COUNTRY_4242')": 156.32867422703174,
  "('Endocrinology_and_Metabolic_Disease', 'COUNTRY_445D')": 97532.95008198889,
  "('Endocrinology_and_Metabolic_Disease', 'COUNTRY_53A5')": 56485.89070776631,
  "('Endocrinology_and_Metabolic_Disease', 'COUNTRY_560D')": 55929.27417435028,
  "('Endocrinology_and_Metabolic_Disease', 'COUNTRY_5FEB')": 695842.9992107055,
  "('Endocrinology_and_Metabolic_Disease', 'COUNTRY_6B71')": 64102.14805390506,
  "('Endocrinology_and_Metabolic_Disease', 'COUNTRY_6F78')": 58925.851352327234,
  "('Endocrinology_and_Metabolic_Disease', 'COUNTRY_7C1A')": 4390.731504372755,
  "('Endocrinology_and_Metabolic_Disease', 'COUNTRY_88A3')": -270.4028598177892,
  "('Endocrinology_and_Metabolic_Disease', 'COUNTRY_89F9')": 21897.280441832714,
  "('Endocrinology_and_Metabolic_Disease', 'COUNTRY_9488')": 28919.74655929323,
  "('Endocrinology_and_Metabolic_Disease', 'COUNTRY_9891')": -44.68279540275205,
  "('Endocrinology_and_Metabolic_Disease', 'COUNTRY_A8F8')": 461667.97335957404,
  "('Endocrinology_and_Metabolic_Disease', 'COUNTRY_C89B')": 74.79627963942278,
  "('Endocrinology_and_Metabolic_Disease', 'COUNTRY_D5B9')": -305.4984156736865,
  "('Endocrinology_and_Metabolic_Disease', 'COUNTRY_D8B0')": -5862.588574057518,