{
  "(2, 1, 0)": {
    "method": "linear",
    "a": 0.4634420437587358,
    "b": 188447.4654244741,
    "n_samples": 150
  },
  "(2, 1, 1)": {
    "method": "linear",
    "a": 0.3923854341361604,
    "b": 158775.8977506857,
    "n_samples": 146
  },
  "(2, 1, 2)": {
    "method": "linear",
    "a": 0.3806798200074058,
    "b": 128526.25322266546,
    "n_samples": 148
  },
  "(2, 2, 0)": {
    "method": "linear",
    "a": 1.425548338773382,
    "b": 14258.84459975129,
    "n_samples": 2062
  },
  "(2, 2, 1)": {
    "method": "linear",
    "a": 1.4412832997008431,
    "b": -46113.778991017025,
    "n_samples": 2053
  },
  "(2, 2, 2)": {
    "method": "linear",
    "a": 1.4895125301288914,
    "b": -57215.18646638235,
    "n_samples": 2069
  }
}