{
  "official_metric": 0.2711,
  "rmse_norm": 0.18367007277255765,
  "mae_norm": 0.1445681023104761,
  "r2_norm": 0.07074625540001733,
  "scenario": 2,
  "model_type": "catboost",
  "train_time_seconds": 6.6996519565582275,
  "n_train_samples": 26726,
  "n_val_samples": 6628,
  "n_features": 91
}