{
  "cv_official_mean": 0.767,
  "cv_official_std": 0.03431656548471406,
  "cv_rmse_mean": 0.2410843619092519,
  "cv_rmse_std": 0.010009938043778505,
  "cv_mae_mean": 0.18195460613553785,
  "cv_mae_std": 0.004357337566560007,
  "n_folds": 3,
  "fold_metrics": [
    {
      "official_metric": 0.719,
      "rmse_norm": 0.2321752992366267,
      "mae_norm": 0.1761047058769485,
      "scenario": 1,
      "model_type": "lightgbm",
      "train_time_seconds": 1.7035670280456543,
      "n_train_samples": 31248,
      "n_val_samples": 15624,
      "n_features": 84,
      "fold": 1
    },
    {
      "official_metric": 0.7972,
      "rmse_norm": 0.23601157771694606,
      "mae_norm": 0.18320218146269399,
      "scenario": 1,
      "model_type": "lightgbm",
      "train_time_seconds": 1.4623174667358398,
      "n_train_samples": 31248,
      "n_val_samples": 15624,
      "n_features": 84,
      "fold": 2
    },
    {
      "official_metric": 0.7848,
      "rmse_norm": 0.2550662087741829,
      "mae_norm": 0.18655693106697116,
      "scenario": 1,
      "model_type": "lightgbm",
      "train_time_seconds": 1.5166125297546387,
      "n_train_samples": 31248,
      "n_val_samples": 15624,
      "n_features": 84,
      "fold": 3
    }
  ],
  "scenario": 1,
  "model_type": "lightgbm"
}