{
  "('Anti-infectives', 'COUNTRY_0024')": -602.6048934244448,
  "('Anti-infectives', 'COUNTRY_0309')": 360564.3138676187,
  "('Anti-infectives', 'COUNTRY_06E4')": 193.9548841643642,
  "('Anti-infectives', 'COUNTRY_1007')": 691.7958110808944,
  "('Anti-infectives', 'COUNTRY_2E65')": 221.84569455388262,
  "('Anti-infectives', 'COUNTRY_4253')": 3418.564718146213,
  "('Anti-infectives', 'COUNTRY_4442')": 6199.365405767064,
  "('Anti-infectives', 'COUNTRY_445D')": -1087.2065766573178,
  "('Anti-infectives', 'COUNTRY_5180')": 1363.1265100389528,
  "('Anti-infectives', 'COUNTRY_53A5')": 302920.72932219214,
  "('Anti-infectives', 'COUNTRY_551F')": 12171.512918235694,
  "('Anti-infectives', 'COUNTRY_5FEB')": 1002.359411664945,
  "('Anti-infectives', 'COUNTRY_6C16')": 1953.5804781513386,
  "('Anti-infectives', 'COUNTRY_89F9')": 21834.760197407304,
  "('Anti-infectives', 'COUNTRY_8DBB')": 64458.898019389824,
  "('Anti-infectives', 'COUNTRY_907E')": -22845.473100956497,
  "('Anti-infectives', 'COUNTRY_9891')": 6995.682507981581,
  "('Anti-infectives', 'COUNTRY_A67D')": -1180.0586334890054,
  "('Anti-infectives', 'COUNTRY_A8F8')": 705558.1531703185,
  "('Anti-infectives', 'COUNTRY_B6AE')": 5463.285678721249,
  "('Anti-infectives', 'COUNTRY_B835')": 1382.1115211824444,
  "('Anti-infectives', 'COUNTRY_C51E')": -991.8841894464396,
  "('Anti-infectives', 'COUNTRY_C8F4')": 2810.6237426137814,
  "('Anti-infectives', 'COUNTRY_D5B9')": 159.62404722262613,
  "('Anti-infectives', 'COUNTRY_D8B0')": -6639.985316499607,
  "('Anti-infectives', 'COUNTRY_EA71')": -1764.26595441791,
  "('Anti-infectives', 'COUNTRY_F75D')": 245.9085820681143,
  "('Antineoplastic_and_immunology', 'COUNTRY_0024')": 272.7829463910783,
  "('Antineoplastic_and_immunology', 'COUNTRY_01A1')": 321.39889327837074,
  "('Antineoplastic_and_immunology', 'COUNTRY_0309')": 9835.21397502917,
  "('Antineoplastic_and_immunology', 'COUNTRY_06E4')": 14769.66459125471,
  "('Antineoplastic_and_immunology', 'COUNTRY_0C7D')": 95.73597870472301,
  "('Antineoplastic_and_immunology', 'COUNTRY_1007')": 8720.97944699639,
  "('Antineoplastic_and_immunology', 'COUNTRY_221C')": 821.3351283221166,
  "('Antineoplastic_and_immunology', 'COUNTRY_2AFC')": 9784.463608922038,
  "('Antineoplastic_and_immunology', 'COUNTRY_2E65')": 13.405877132228277,
  "('Antineoplastic_and_immunology', 'COUNTRY_3AD0')": 20924.70356658918,
  "('Antineoplastic_and_immunology', 'COUNTRY_4242')": -223.30895476962502,
  "('Antineoplastic_and_immunology', 'COUNTRY_4253')": 182377.68924825787,
  "('Antineoplastic_and_immunology', 'COUNTRY_4442')": 35227.773551097715,
  "('Antineoplastic_and_immunology', 'COUNTRY_445D')": -754.0808248539755,
  "('Antineoplastic_and_immunology', 'COUNTRY_4D4A')": 3143.994106698914,
  "('Antineoplastic_and_immunology', 'COUNTRY_5180')": 9232.939667526885,
  "('Antineoplastic_and_immunology', 'COUNTRY_53A5')": 11469.589380296584,
  "('Antineoplastic_and_immunology', 'COUNTRY_551F')": 722.9582755102194,
  "('Antineoplastic_and_immunology', 'COUNTRY_560D')": 2300.0221014589542,
  "('Antineoplastic_and_immunology', 'COUNTRY_6F78')": -133.85057930660147,
  "('Antineoplastic_and_immunology', 'COUNTRY_7D31')": 5505593.267612962,
  "('Antineoplastic_and_immunology', 'COUNTRY_88A3')": 428.8065229838789,
  "('Antineoplastic_and_immunology', 'COUNTRY_89F9')": 13986.181256129174,
  "('Antineoplastic_and_immunology', 'COUNTRY_8DBB')": 75064.65926453438,
  "('Antineoplastic_and_immunology', 'COUNTRY_907E')": 8467.37489029141,
  "('Antineoplastic_and_immunology', 'COUNTRY_9891')": 12069.573118627664,
  "('Antineoplastic_and_immunology', 'COUNTRY_A67D')": -73982.97806681224,
  "('Antineoplastic_and_immunology', 'COUNTRY_C51E')": 4117.1770497744255,
  "('Antineoplastic_and_immunology', 'COUNTRY_C89B')": 157.2466415036446,
  "('Antineoplastic_and_immunology', 'COUNTRY_C8F4')": -311.03781039623135,
  "('Antineoplastic_and_immunology', 'COUNTRY_D8B0')": 4621.788509302157,
  "('Antineoplastic_and_immunology', 'COUNTRY_EA71')": -21.049026141705074,
  "('Antineoplastic_and_immunology', 'COUNTRY_F75D')": -5583.72307031575,
  "('Antineoplastic_and_immunology', 'COUNTRY_FA79')": -340.15269455243316,
  "('Cardiovascular_Metabolic', 'COUNTRY_0024')": 27367.111988854278,
  "('Cardiovascular_Metabolic', 'COUNTRY_0309')": 192038.85519365975,
  "('Cardiovascular_Metabolic', 'COUNTRY_06E4')": 44366.72829444209,
  "('Cardiovascular_Metabolic', 'COUNTRY_1007')": 152405.89359558164,
  "('Cardiovascular_Metabolic', 'COUNTRY_2E65')": 15205.566844583573,
  "('Cardiovascular_Metabolic', 'COUNTRY_3536')": 2486.1610895762688,
  "('Cardiovascular_Metabolic', 'COUNTRY_3AD0')": 88466.79786807341,
  "('Cardiovascular_Metabolic', 'COUNTRY_445D')": 112252.88352745057,
  "('Cardiovascular_Metabolic', 'COUNTRY_53A5')": 2075987.0344132,
  "('Cardiovascular_Metabolic', 'COUNTRY_560D')": 634.9847846097776,
  "('Cardiovascular_Metabolic', 'COUNTRY_5FEB')": 451.30716759789203,
  "('Cardiovascular_Metabolic', 'COUNTRY_6B71')": 51030564.91419363,
  "('Cardiovascular_Metabolic', 'COUNTRY_6C16')": 2841555.843834358,
  "('Cardiovascular_Metabolic', 'COUNTRY_88A3')": -3055.3193896487705,
  "('Cardiovascular_Metabolic', 'COUNTRY_89F9')": 3882.4000919441523,
  "('Cardiovascular_Metabolic', 'COUNTRY_8DBB')": 5784.682858537238,
  "('Cardiovascular_Metabolic', 'COUNTRY_907E')": 427779.8594416824,
  "('Cardiovascular_Metabolic', 'COUNTRY_C89B')": 64211.139914565676,
  "('Cardiovascular_Metabolic', 'COUNTRY_D5B9')": 44824.07853429383,
  "('Cardiovascular_Metabolic', 'COUNTRY_D6DA')": 69265.51025827597,
  "('Cardiovascular_Metabolic', 'COUNTRY_D8B0')": -29078.70207578773,
  "('Cardiovascular_Metabolic', 'COUNTRY_EA71')": 184236.55005513088,
  "('Cardiovascular_Metabolic', 'COUNTRY_EF33')": 11621.093992956921,
  "('Dermatology', 'COUNTRY_4253')": 183658.66616792633,
  "('Dermatology', 'COUNTRY_5FEB')": 1902597.4344045455,
  "('Dermatology', 'COUNTRY_6B71')": 4351.165688334007,
  "('Dermatology', 'COUNTRY_6C16')": 1726.3758721964803,
  "('Dermatology', 'COUNTRY_7C1A')": 26883.0508477926,
  "('Dermatology', 'COUNTRY_89F9')": 46608.13612854315,
  "('Dermatology', 'COUNTRY_907E')": -78056.20954378459,
  "('Dermatology', 'COUNTRY_A8F8')": 36401.35893405073,
  "('Dermatology', 'COUNTRY_D5B9')": 749.4043238405106,
  "('Dermatology', 'COUNTRY_EF33')": 3888.3544700258853,
  "('Dermatology', 'COUNTRY_F75D')": 5008.835558696941,
  "('Endocrinology_and_Metabolic_Disease', 'COUNTRY_0309')": 378602.73913622013,
  "('Endocrinology_and_Metabolic_Disease', 'COUNTRY_0C7D')": 1023.0619226407637,
  "('Endocrinology_and_Metabolic_Disease', 'COUNTRY_1007')": 587.5632274999626,
  "('Endocrinology_and_Metabolic_Disease', 'COUNTRY_3536')": 52532.90894700494,
  "('Endocrinology_and_Metabolic_Disease', 'COUNTRY_4242')": 167.87428338483483,
  "('Endocrinology_and_Metabolic_Disease', 'COUNTRY_445D')": 95581.6474500529,
  "('Endocrinology_and_Metabolic_Disease', 'COUNTRY_53A5')": 53612.27254328125,
  "('Endocrinology_and_Metabolic_Disease', 'COUNTRY_560D')": 52666.94394663164,
  "('Endocrinology_and_Metabolic_Disease', 'COUNTRY_5FEB')": 662978.302816002,
  "('Endocrinology_and_Metabolic_Disease', 'COUNTRY_6B71')": 61271.506608424,
  "('Endocrinology_and_Metabolic_Disease', 'COUNTRY_6F78')": 56349.05384204928,
  "('Endocrinology_and_Metabolic_Disease', 'COUNTRY_7C1A')": 2947.0700300883445,
  "('Endocrinology_and_Metabolic_Disease', 'COUNTRY_88A3')": -236.95934816389934,
  "('Endocrinology_and_Metabolic_Disease', 'COUNTRY_89F9')": 19665.539613677516,
  "('Endocrinology_and_Metabolic_Disease', 'COUNTRY_9488')": 28472.092465230813,
  "('Endocrinology_and_Metabolic_Disease', 'COUNTRY_9891')": -40.56890116191398,
  "('Endocrinology_and_Metabolic_Disease', 'COUNTRY_A8F8')": 457167.5288069115,
  "('Endocrinology_and_Metabolic_Disease', 'COUNTRY_C89B')": 74.36189012757343,
  "('Endocrinology_and_Metabolic_Disease', 'COUNTRY_D5B9')": -291.9767128082875,
  "('Endocrinology_and_Metabolic_Disease', 'COUNTRY_D8B0')": -6114.575777129184,