{
  "(2, 1, 0)": {
    "method": "linear",
    "a": 0.47106031302869783,
    "b": 182500.023677787,
    "n_samples": 150
  },
  "(2, 1, 1)": {
    "method": "linear",
    "a": 0.4024547549956248,
    "b": 148817.67725724395,
    "n_samples": 146
  },
  "(2, 1, 2)": {
    "method": "linear",
    "a": 0.39442877799497894,
    "b": 115904.69129214756,
    "n_samples": 148
  },
  "(2, 2, 0)": {
    "method": "linear",
    "a": 1.4288571287926712,
    "b": 8452.03594494285,
    "n_samples": 2062
  },
  "(2, 2, 1)": {
    "method": "linear",
    "a": 1.4399622852120921,
    "b": -47309.2912858543,
    "n_samples": 2053
  },
  "(2, 2, 2)": {
    "method": "linear",
    "a": 1.4869928126287308,
    "b": -58546.42642665375,
    "n_samples": 2069
  }
}