{
  "official_metric": 0.294,
  "rmse_norm": 0.20519254381224467,
  "mae_norm": 0.12764568727008357,
  "scenario": 2,
  "model_type": "catboost",
  "train_time_seconds": 15.394965887069702,
  "n_train_samples": 28116,
  "n_val_samples": 7038,
  "n_features": 101
}