{
  "(1, 1, 0)": {
    "method": "linear",
    "a": 1.066111395671898,
    "b": -169100.82070655515,
    "n_samples": 151
  },
  "(1, 1, 1)": {
    "method": "linear",
    "a": 0.4557951868047536,
    "b": -1317.5350791692035,
    "n_samples": 150
  },
  "(1, 1, 2)": {
    "method": "linear",
    "a": 0.4275552814926827,
    "b": -41691.188256344816,
    "n_samples": 294
  },
  "(1, 2, 0)": {
    "method": "linear",
    "a": 1.8546577845447356,
    "b": -431374.144569329,
    "n_samples": 2084
  },
  "(1, 2, 1)": {
    "method": "linear",
    "a": 2.0585793104961874,
    "b": -424086.02597801853,
    "n_samples": 2062
  },
  "(1, 2, 2)": {
    "method": "linear",
    "a": 2.2267028892450833,
    "b": -498004.7636015713,
    "n_samples": 4122
  }
}