{
  "official_metric": 1.084,
  "rmse_norm": 0.29965001685825476,
  "mae_norm": 0.237101096848523,
  "scenario": 2,
  "model_type": "global_mean",
  "train_time_seconds": 0.0007200241088867188,
  "n_train_samples": 28116,
  "n_val_samples": 7038,
  "n_features": 101
}