{
  "('Anti-infectives', 'COUNTRY_0024')": -488.39525017521777,
  "('Anti-infectives', 'COUNTRY_0309')": 369427.4383708444,
  "('Anti-infectives', 'COUNTRY_06E4')": 189.30143725534626,
  "('Anti-infectives', 'COUNTRY_1007')": 941.0842988578701,
  "('Anti-infectives', 'COUNTRY_2E65')": 223.68465569419175,
  "('Anti-infectives', 'COUNTRY_4253')": 3591.6816155220686,
  "('Anti-infectives', 'COUNTRY_4442')": 6446.258139929859,
  "('Anti-infectives', 'COUNTRY_445D')": -1294.6697604882406,
  "('Anti-infectives', 'COUNTRY_5180')": 1355.107857992812,
  "('Anti-infectives', 'COUNTRY_53A5')": 314736.925743778,
  "('Anti-infectives', 'COUNTRY_551F')": 12313.754475823367,
  "('Anti-infectives', 'COUNTRY_5FEB')": 1061.575359323127,
  "('Anti-infectives', 'COUNTRY_6C16')": 2020.943464156964,
  "('Anti-infectives', 'COUNTRY_89F9')": 20253.663239999267,
  "('Anti-infectives', 'COUNTRY_8DBB')": 86546.5670197184,
  "('Anti-infectives', 'COUNTRY_907E')": -24147.210400394328,
  "('Anti-infectives', 'COUNTRY_9891')": 7216.120883464741,
  "('Anti-infectives', 'COUNTRY_A67D')": -1322.5322100267676,
  "('Anti-infectives', 'COUNTRY_A8F8')": 695646.6762698462,
  "('Anti-infectives', 'COUNTRY_B6AE')": 4782.220145273961,
  "('Anti-infectives', 'COUNTRY_B835')": 1297.4299862029352,
  "('Anti-infectives', 'COUNTRY_C51E')": -994.3799966485955,
  "('Anti-infectives', 'COUNTRY_C8F4')": 2487.146550977953,
  "('Anti-infectives', 'COUNTRY_D5B9')": 177.5074326390758,
  "('Anti-infectives', 'COUNTRY_D8B0')": -9488.414909088955,
  "('Anti-infectives', 'COUNTRY_EA71')": -1935.0087627142875,
  "('Anti-infectives', 'COUNTRY_F75D')": -484.9311838723584,
  "('Antineoplastic_and_immunology', 'COUNTRY_0024')": 282.5330934280377,
  "('Antineoplastic_and_immunology', 'COUNTRY_01A1')": 293.86577487158434,
  "('Antineoplastic_and_immunology', 'COUNTRY_0309')": 9906.571657802044,
  "('Antineoplastic_and_immunology', 'COUNTRY_06E4')": 14870.958313763429,
  "('Antineoplastic_and_immunology', 'COUNTRY_0C7D')": 99.63370013832576,
  "('Antineoplastic_and_immunology', 'COUNTRY_1007')": 8740.128499823344,
  "('Antineoplastic_and_immunology', 'COUNTRY_221C')": 804.337145867471,
  "('Antineoplastic_and_immunology', 'COUNTRY_2AFC')": 10011.588538682385,
  "('Antineoplastic_and_immunology', 'COUNTRY_2E65')": 14.387025324310898,
  "('Antineoplastic_and_immunology', 'COUNTRY_3AD0')": 21138.09745327366,
  "('Antineoplastic_and_immunology', 'COUNTRY_4242')": -202.28667603097847,
  "('Antineoplastic_and_immunology', 'COUNTRY_4253')": 177469.7695961153,
  "('Antineoplastic_and_immunology', 'COUNTRY_4442')": 36687.64517774474,
  "('Antineoplastic_and_immunology', 'COUNTRY_445D')": -753.4733701521917,
  "('Antineoplastic_and_immunology', 'COUNTRY_4D4A')": 3145.4911042616295,
  "('Antineoplastic_and_immunology', 'COUNTRY_5180')": 9293.739173814089,
  "('Antineoplastic_and_immunology', 'COUNTRY_53A5')": 11131.534340319646,
  "('Antineoplastic_and_immunology', 'COUNTRY_551F')": 738.461635607405,
  "('Antineoplastic_and_immunology', 'COUNTRY_560D')": 2065.654608567395,
  "('Antineoplastic_and_immunology', 'COUNTRY_6F78')": -128.28738093301115,
  "('Antineoplastic_and_immunology', 'COUNTRY_7D31')": 5409356.878480834,
  "('Antineoplastic_and_immunology', 'COUNTRY_88A3')": 411.9898477551594,
  "('Antineoplastic_and_immunology', 'COUNTRY_89F9')": 14051.900162225926,
  "('Antineoplastic_and_immunology', 'COUNTRY_8DBB')": 82440.99248864323,
  "('Antineoplastic_and_immunology', 'COUNTRY_907E')": 8223.261792162384,
  "('Antineoplastic_and_immunology', 'COUNTRY_9891')": 12246.626731552104,
  "('Antineoplastic_and_immunology', 'COUNTRY_A67D')": -77419.72460972921,
  "('Antineoplastic_and_immunology', 'COUNTRY_C51E')": 3282.492824054981,
  "('Antineoplastic_and_immunology', 'COUNTRY_C89B')": 159.10558786716484,
  "('Antineoplastic_and_immunology', 'COUNTRY_C8F4')": -240.28077707606505,
  "('Antineoplastic_and_immunology', 'COUNTRY_D8B0')": 4512.857013749829,
  "('Antineoplastic_and_immunology', 'COUNTRY_EA71')": -21.004374701743657,
  "('Antineoplastic_and_immunology', 'COUNTRY_F75D')": -5416.094031993889,
  "('Antineoplastic_and_immunology', 'COUNTRY_FA79')": -492.9212598182317,
  "('Cardiovascular_Metabolic', 'COUNTRY_0024')": 28411.890832016998,
  "('Cardiovascular_Metabolic', 'COUNTRY_0309')": 176901.58284622268,
  "('Cardiovascular_Metabolic', 'COUNTRY_06E4')": 45582.492705671466,
  "('Cardiovascular_Metabolic', 'COUNTRY_1007')": 161916.5576805703,
  "('Cardiovascular_Metabolic', 'COUNTRY_2E65')": 15040.189684010002,
  "('Cardiovascular_Metabolic', 'COUNTRY_3536')": 3060.1928911874575,
  "('Cardiovascular_Metabolic', 'COUNTRY_3AD0')": 86194.01769363748,
  "('Cardiovascular_Metabolic', 'COUNTRY_445D')": 100924.08642143416,
  "('Cardiovascular_Metabolic', 'COUNTRY_53A5')": 2283431.754591232,
  "('Cardiovascular_Metabolic', 'COUNTRY_560D')": 586.302992922882,
  "('Cardiovascular_Metabolic', 'COUNTRY_5FEB')": 419.07409395618765,
  "('Cardiovascular_Metabolic', 'COUNTRY_6B71')": 52235438.148928255,
  "('Cardiovascular_Metabolic', 'COUNTRY_6C16')": 2855719.1002430352,
  "('Cardiovascular_Metabolic', 'COUNTRY_88A3')": -1469.0652003753612,
  "('Cardiovascular_Metabolic', 'COUNTRY_89F9')": 4254.743165294345,
  "('Cardiovascular_Metabolic', 'COUNTRY_8DBB')": 5807.899329464689,
  "('Cardiovascular_Metabolic', 'COUNTRY_907E')": 431121.38134811097,
  "('Cardiovascular_Metabolic', 'COUNTRY_C89B')": 62812.33330663188,
  "('Cardiovascular_Metabolic', 'COUNTRY_D5B9')": 44726.72032184519,
  "('Cardiovascular_Metabolic', 'COUNTRY_D6DA')": 68976.26999309419,
  "('Cardiovascular_Metabolic', 'COUNTRY_D8B0')": -19445.381751399025,
  "('Cardiovascular_Metabolic', 'COUNTRY_EA71')": 184562.26377413914,
  "('Cardiovascular_Metabolic', 'COUNTRY_EF33')": 11366.480339875474,
  "('Dermatology', 'COUNTRY_4253')": 184405.07692699475,
  "('Dermatology', 'COUNTRY_5FEB')": 1907024.0916252504,
  "('Dermatology', 'COUNTRY_6B71')": 4265.186247707442,
  "('Dermatology', 'COUNTRY_6C16')": 1715.6989596972428,
  "('Dermatology', 'COUNTRY_7C1A')": 27273.269502822295,
  "('Dermatology', 'COUNTRY_89F9')": 45115.78595656569,
  "('Dermatology', 'COUNTRY_907E')": -78619.39902093775,
  "('Dermatology', 'COUNTRY_A8F8')": 34071.94585822611,
  "('Dermatology', 'COUNTRY_D5B9')": 965.0192628406943,
  "('Dermatology', 'COUNTRY_EF33')": 4168.533260027299,
  "('Dermatology', 'COUNTRY_F75D')": 5896.957538654842,
  "('Endocrinology_and_Metabolic_Disease', 'COUNTRY_0309')": 393313.2390642947,
  "('Endocrinology_and_Metabolic_Disease', 'COUNTRY_0C7D')": 948.3924375389971,
  "('Endocrinology_and_Metabolic_Disease', 'COUNTRY_1007')": 686.1774950299213,
  "('Endocrinology_and_Metabolic_Disease', 'COUNTRY_3536')": 54681.037025175916,
  "('Endocrinology_and_Metabolic_Disease', 'COUNTRY_4242')": 155.35221153873144,
  "('Endocrinology_and_Metabolic_Disease', 'COUNTRY_445D')": 95985.05432438833,
  "('Endocrinology_and_Metabolic_Disease', 'COUNTRY_53A5')": 55389.12715253764,
  "('Endocrinology_and_Metabolic_Disease', 'COUNTRY_560D')": 55079.70611948975,
  "('Endocrinology_and_Metabolic_Disease', 'COUNTRY_5FEB')": 680940.9732923377,
  "('Endocrinology_and_Metabolic_Disease', 'COUNTRY_6B71')": 62374.3957649033,
  "('Endocrinology_and_Metabolic_Disease', 'COUNTRY_6F78')": 57891.81199112266,
  "('Endocrinology_and_Metabolic_Disease', 'COUNTRY_7C1A')": 3310.6826241006356,
  "('Endocrinology_and_Metabolic_Disease', 'COUNTRY_88A3')": -238.55066980098138,
  "('Endocrinology_and_Metabolic_Disease', 'COUNTRY_89F9')": 20685.02608077318,
  "('Endocrinology_and_Metabolic_Disease', 'COUNTRY_9488')": 28655.430831075228,
  "('Endocrinology_and_Metabolic_Disease', 'COUNTRY_9891')": -52.665411990227376,
  "('Endocrinology_and_Metabolic_Disease', 'COUNTRY_A8F8')": 444169.0344530392,
  "('Endocrinology_and_Metabolic_Disease', 'COUNTRY_C89B')": 95.24284213669,
  "('Endocrinology_and_Metabolic_Disease', 'COUNTRY_D5B9')": -316.30609786722016,