{
  "(2, 1, 0)": {
    "method": "linear",
    "a": 0.4599124637031934,
    "b": 194339.13651973347,
    "n_samples": 150
  },
  "(2, 1, 1)": {
    "method": "linear",
    "a": 0.38741849066405304,
    "b": 164355.6767043832,
    "n_samples": 146
  },
  "(2, 1, 2)": {
    "method": "linear",
    "a": 0.37791250800442844,
    "b": 131973.49507729907,
    "n_samples": 148
  },
  "(2, 2, 0)": {
    "method": "linear",
    "a": 1.436223510054967,
    "b": 8550.12808391871,
    "n_samples": 2062
  },
  "(2, 2, 1)": {
    "method": "linear",
    "a": 1.4554740524350611,
    "b": -53950.71317991242,
    "n_samples": 2053
  },
  "(2, 2, 2)": {
    "method": "linear",
    "a": 1.5093320038210796,
    "b": -69025.49728305545,
    "n_samples": 2069
  }
}