{
  "official_metric": 0.835,
  "rmse_norm": 0.6306340209650555,
  "mae_norm": 0.5549413459526451,
  "scenario": 2,
  "model_type": "arihow",
  "train_time_seconds": 66.41460084915161,
  "n_train_samples": 28116,
  "n_val_samples": 7038,
  "n_features": 101
}