{
  "official_metric": 0.3019,
  "rmse_norm": 0.21112600590000025,
  "mae_norm": 0.12861815213333155,
  "scenario": 2,
  "model_type": "lightgbm",
  "train_time_seconds": 2.3798775672912598,
  "n_train_samples": 28116,
  "n_val_samples": 7038,
  "n_features": 101
}