{
  "('Anti-infectives', 'COUNTRY_0024')": -940.5337612142677,
  "('Anti-infectives', 'COUNTRY_0309')": 234712.14263653615,
  "('Anti-infectives', 'COUNTRY_06E4')": 114.71785999736629,
  "('Anti-infectives', 'COUNTRY_1007')": -2299.6078009527528,
  "('Anti-infectives', 'COUNTRY_2E65')": 161.2466128966311,
  "('Anti-infectives', 'COUNTRY_4253')": 4454.693285571024,
  "('Anti-infectives', 'COUNTRY_4442')": 5410.883026356102,
  "('Anti-infectives', 'COUNTRY_445D')": 298.48082925740465,
  "('Anti-infectives', 'COUNTRY_5180')": 1138.5846955961435,
  "('Anti-infectives', 'COUNTRY_53A5')": 211003.13656536775,
  "('Anti-infectives', 'COUNTRY_551F')": 16615.820225954958,
  "('Anti-infectives', 'COUNTRY_5FEB')": 833.964013778122,
  "('Anti-infectives', 'COUNTRY_6C16')": 3641.4720490904015,
  "('Anti-infectives', 'COUNTRY_89F9')": 52239.98798622841,
  "('Anti-infectives', 'COUNTRY_8DBB')": -143651.8051035977,
  "('Anti-infectives', 'COUNTRY_907E')": 28557.482285463495,
  "('Anti-infectives', 'COUNTRY_9891')": 6445.00996935763,
  "('Anti-infectives', 'COUNTRY_A67D')": -2124.946008635335,
  "('Anti-infectives', 'COUNTRY_A8F8')": 778575.3696004521,
  "('Anti-infectives', 'COUNTRY_B6AE')": 16084.748265128768,
  "('Anti-infectives', 'COUNTRY_B835')": -1748.043575993248,
  "('Anti-infectives', 'COUNTRY_C51E')": -258.28626550068066,
  "('Anti-infectives', 'COUNTRY_C8F4')": 4352.136531803045,
  "('Anti-infectives', 'COUNTRY_D5B9')": 33.28927531238938,
  "('Anti-infectives', 'COUNTRY_D8B0')": -11493.249765371575,
  "('Anti-infectives', 'COUNTRY_EA71')": 28412.20654993055,
  "('Anti-infectives', 'COUNTRY_F75D')": 19779.370456182212,
  "('Antineoplastic_and_immunology', 'COUNTRY_0024')": 446.4254025697804,
  "('Antineoplastic_and_immunology', 'COUNTRY_01A1')": 272.74543824954725,
  "('Antineoplastic_and_immunology', 'COUNTRY_0309')": 10796.061154078652,
  "('Antineoplastic_and_immunology', 'COUNTRY_06E4')": 12946.437027769533,
  "('Antineoplastic_and_immunology', 'COUNTRY_0C7D')": 150.01136289812644,
  "('Antineoplastic_and_immunology', 'COUNTRY_1007')": 22584.05228143214,
  "('Antineoplastic_and_immunology', 'COUNTRY_221C')": 336.45864446362555,
  "('Antineoplastic_and_immunology', 'COUNTRY_2AFC')": 11154.604666135068,
  "('Antineoplastic_and_immunology', 'COUNTRY_2E65')": 6.754821915335696,
  "('Antineoplastic_and_immunology', 'COUNTRY_3AD0')": 21699.23097958799,
  "('Antineoplastic_and_immunology', 'COUNTRY_4242')": -1054.3568551788433,
  "('Antineoplastic_and_immunology', 'COUNTRY_4253')": 214672.71193656503,
  "('Antineoplastic_and_immunology', 'COUNTRY_4442')": 55756.06222260743,
  "('Antineoplastic_and_immunology', 'COUNTRY_445D')": 127.61632001887232,
  "('Antineoplastic_and_immunology', 'COUNTRY_4D4A')": 6478.673214920096,
  "('Antineoplastic_and_immunology', 'COUNTRY_5180')": 12697.034622690724,
  "('Antineoplastic_and_immunology', 'COUNTRY_53A5')": 17882.799523980728,
  "('Antineoplastic_and_immunology', 'COUNTRY_551F')": 891.3583549570717,
  "('Antineoplastic_and_immunology', 'COUNTRY_560D')": 2728.818450844096,
  "('Antineoplastic_and_immunology', 'COUNTRY_6F78')": -126.15884374556886,
  "('Antineoplastic_and_immunology', 'COUNTRY_7D31')": -3386521.138854572,
  "('Antineoplastic_and_immunology', 'COUNTRY_88A3')": 538.145451452224,
  "('Antineoplastic_and_immunology', 'COUNTRY_89F9')": 23195.46403283265,
  "('Antineoplastic_and_immunology', 'COUNTRY_8DBB')": -7981.811191049019,
  "('Antineoplastic_and_immunology', 'COUNTRY_907E')": 7793.576255404024,
  "('Antineoplastic_and_immunology', 'COUNTRY_9891')": 15012.85888953564,
  "('Antineoplastic_and_immunology', 'COUNTRY_A67D')": -56493.389407901195,
  "('Antineoplastic_and_immunology', 'COUNTRY_C51E')": -3004.428611922888,
  "('Antineoplastic_and_immunology', 'COUNTRY_C89B')": 279.6387778288984,
  "('Antineoplastic_and_immunology', 'COUNTRY_C8F4')": 1446.3275191921114,
  "('Antineoplastic_and_immunology', 'COUNTRY_D8B0')": 7116.3345524235365,
  "('Antineoplastic_and_immunology', 'COUNTRY_EA71')": -25.63361052831266,
  "('Antineoplastic_and_immunology', 'COUNTRY_F75D')": 7719.360897978285,
  "('Antineoplastic_and_immunology', 'COUNTRY_FA79')": -2972.299329241574,
  "('Cardiovascular_Metabolic', 'COUNTRY_0024')": 20209.438090553027,
  "('Cardiovascular_Metabolic', 'COUNTRY_0309')": -596970.1459231236,
  "('Cardiovascular_Metabolic', 'COUNTRY_06E4')": 60591.38814933992,
  "('Cardiovascular_Metabolic', 'COUNTRY_1007')": 133377.8112987086,
  "('Cardiovascular_Metabolic', 'COUNTRY_2E65')": 17634.041031040797,
  "('Cardiovascular_Metabolic', 'COUNTRY_3536')": 4040.198271837438,
  "('Cardiovascular_Metabolic', 'COUNTRY_3AD0')": 92020.49181517631,
  "('Cardiovascular_Metabolic', 'COUNTRY_445D')": -980933.8706572687,
  "('Cardiovascular_Metabolic', 'COUNTRY_53A5')": 933698.4886259942,
  "('Cardiovascular_Metabolic', 'COUNTRY_560D')": 772.6470481379532,
  "('Cardiovascular_Metabolic', 'COUNTRY_5FEB')": 600.8072746775742,
  "('Cardiovascular_Metabolic', 'COUNTRY_6B71')": 86987529.70347059,
  "('Cardiovascular_Metabolic', 'COUNTRY_6C16')": 3312729.6736597163,
  "('Cardiovascular_Metabolic', 'COUNTRY_88A3')": 26499.4346205721,
  "('Cardiovascular_Metabolic', 'COUNTRY_89F9')": 5369.5021855711675,
  "('Cardiovascular_Metabolic', 'COUNTRY_8DBB')": 8170.025419865383,
  "('Cardiovascular_Metabolic', 'COUNTRY_907E')": 513180.08948147733,
  "('Cardiovascular_Metabolic', 'COUNTRY_C89B')": 86152.75484345587,
  "('Cardiovascular_Metabolic', 'COUNTRY_D5B9')": 58951.44312372612,
  "('Cardiovascular_Metabolic', 'COUNTRY_D6DA')": 90834.65110101858,
  "('Cardiovascular_Metabolic', 'COUNTRY_D8B0')": 195279.0418783021,
  "('Cardiovascular_Metabolic', 'COUNTRY_EA71')": 273556.4948846853,
  "('Cardiovascular_Metabolic', 'COUNTRY_EF33')": 17706.105554724043,
  "('Dermatology', 'COUNTRY_4253')": 257745.72569546694,
  "('Dermatology', 'COUNTRY_5FEB')": 2015480.5696059156,
  "('Dermatology', 'COUNTRY_6B71')": 7025.022189092635,
  "('Dermatology', 'COUNTRY_6C16')": 2173.458886819785,
  "('Dermatology', 'COUNTRY_7C1A')": 34715.24970204263,
  "('Dermatology', 'COUNTRY_89F9')": 67225.13551236685,
  "('Dermatology', 'COUNTRY_907E')": -31800.008005835112,
  "('Dermatology', 'COUNTRY_A8F8')": 23803.432014111793,
  "('Dermatology', 'COUNTRY_D5B9')": -3278.262792470229,
  "('Dermatology', 'COUNTRY_EF33')": 9959.547183643284,
  "('Dermatology', 'COUNTRY_F75D')": 1293.6034134485687,
  "('Endocrinology_and_Metabolic_Disease', 'COUNTRY_0309')": 513752.6659478955,
  "('Endocrinology_and_Metabolic_Disease', 'COUNTRY_0C7D')": 1533.2613787071302,
  "('Endocrinology_and_Metabolic_Disease', 'COUNTRY_1007')": 1364.2258947239632,
  "('Endocrinology_and_Metabolic_Disease', 'COUNTRY_3536')": 70454.79381485879,
  "('Endocrinology_and_Metabolic_Disease', 'COUNTRY_4242')": 528.387487371346,
  "('Endocrinology_and_Metabolic_Disease', 'COUNTRY_445D')": 121401.4671331733,
  "('Endocrinology_and_Metabolic_Disease', 'COUNTRY_53A5')": 56883.14469464559,
  "('Endocrinology_and_Metabolic_Disease', 'COUNTRY_560D')": 113765.96653316132,
  "('Endocrinology_and_Metabolic_Disease', 'COUNTRY_5FEB')": 934281.562173968,
  "('Endocrinology_and_Metabolic_Disease', 'COUNTRY_6B71')": 83646.64834188143,
  "('Endocrinology_and_Metabolic_Disease', 'COUNTRY_6F78')": 88037.54414282998,
  "('Endocrinology_and_Metabolic_Disease', 'COUNTRY_7C1A')": 10316.041024966336,
  "('Endocrinology_and_Metabolic_Disease', 'COUNTRY_88A3')": -543.7974000853574,
  "('Endocrinology_and_Metabolic_Disease', 'COUNTRY_89F9')": 12723.027184002573,
  "('Endocrinology_and_Metabolic_Disease', 'COUNTRY_9488')": 28419.180312757228,
  "('Endocrinology_and_Metabolic_Disease', 'COUNTRY_9891')": 178.17605884215232,
  "('Endocrinology_and_Metabolic_Disease', 'COUNTRY_A8F8')": 720230.5258670966,
  "('Endocrinology_and_Metabolic_Disease', 'COUNTRY_C89B')": -1808.0796782586144,
  "('Endocrinology_and_Metabolic_Disease', 'COUNTRY_D5B9')": -84.1585994681097,