{
  "(1, 1, 0)": {
    "method": "linear",
    "a": 1.0148396018531927,
    "b": -164148.36238965113,
    "n_samples": 151
  },
  "(1, 1, 1)": {
    "method": "linear",
    "a": 0.40912920015895227,
    "b": 4232.201439686352,
    "n_samples": 150
  },
  "(1, 1, 2)": {
    "method": "linear",
    "a": 0.3780326427413081,
    "b": -41606.15745316091,
    "n_samples": 294
  },
  "(1, 2, 0)": {
    "method": "linear",
    "a": 1.8163268134918396,
    "b": -411859.3132937392,
    "n_samples": 2084
  },
  "(1, 2, 1)": {
    "method": "linear",
    "a": 2.016174623924167,
    "b": -410379.982280273,
    "n_samples": 2062
  },
  "(1, 2, 2)": {
    "method": "linear",
    "a": 2.1812170480622552,
    "b": -487562.18997289194,
    "n_samples": 4122
  }
}