{
  "official_metric": 0.2742,
  "rmse_norm": 0.20553010185214957,
  "mae_norm": 0.12650555767689156,
  "scenario": 2,
  "model_type": "catboost",
  "train_time_seconds": 11.75432300567627,
  "n_train_samples": 28116,
  "n_val_samples": 7038,
  "n_features": 101
}