{
  "('Anti-infectives', 'COUNTRY_0024')": -460.6041091976744,
  "('Anti-infectives', 'COUNTRY_0309')": 367715.4857558494,
  "('Anti-infectives', 'COUNTRY_06E4')": 203.20534380601953,
  "('Anti-infectives', 'COUNTRY_1007')": 987.9801510092448,
  "('Anti-infectives', 'COUNTRY_2E65')": 223.84203467162004,
  "('Anti-infectives', 'COUNTRY_4253')": 3485.695394089591,
  "('Anti-infectives', 'COUNTRY_4442')": 6114.994995514113,
  "('Anti-infectives', 'COUNTRY_445D')": -1253.4210603700606,
  "('Anti-infectives', 'COUNTRY_5180')": 1357.9732339969232,
  "('Anti-infectives', 'COUNTRY_53A5')": 312708.22862894414,
  "('Anti-infectives', 'COUNTRY_551F')": 12271.43177631894,
  "('Anti-infectives', 'COUNTRY_5FEB')": 1024.129863360947,
  "('Anti-infectives', 'COUNTRY_6C16')": 2003.1582321283238,
  "('Anti-infectives', 'COUNTRY_89F9')": 20938.45013039433,
  "('Anti-infectives', 'COUNTRY_8DBB')": 74247.22554982969,
  "('Anti-infectives', 'COUNTRY_907E')": -23250.21656676195,
  "('Anti-infectives', 'COUNTRY_9891')": 7082.103140160369,
  "('Anti-infectives', 'COUNTRY_A67D')": -1178.7413803410388,
  "('Anti-infectives', 'COUNTRY_A8F8')": 708206.9179344401,
  "('Anti-infectives', 'COUNTRY_B6AE')": 5748.559945981984,
  "('Anti-infectives', 'COUNTRY_B835')": 1241.9383582783776,
  "('Anti-infectives', 'COUNTRY_C51E')": -997.7723621922518,
  "('Anti-infectives', 'COUNTRY_C8F4')": 2410.729185764611,
  "('Anti-infectives', 'COUNTRY_D5B9')": 140.21128173500577,
  "('Anti-infectives', 'COUNTRY_D8B0')": -3780.859860482876,
  "('Anti-infectives', 'COUNTRY_EA71')": -2798.2501311900915,
  "('Anti-infectives', 'COUNTRY_F75D')": -629.178664900092,
  "('Antineoplastic_and_immunology', 'COUNTRY_0024')": 267.26498000370475,
  "('Antineoplastic_and_immunology', 'COUNTRY_01A1')": 312.30750334157824,
  "('Antineoplastic_and_immunology', 'COUNTRY_0309')": 9976.679183885255,
  "('Antineoplastic_and_immunology', 'COUNTRY_06E4')": 14712.201733301476,
  "('Antineoplastic_and_immunology', 'COUNTRY_0C7D')": 96.09030307106495,
  "('Antineoplastic_and_immunology', 'COUNTRY_1007')": 8391.327253939782,
  "('Antineoplastic_and_immunology', 'COUNTRY_221C')": 729.1142019466605,
  "('Antineoplastic_and_immunology', 'COUNTRY_2AFC')": 9873.019404077437,
  "('Antineoplastic_and_immunology', 'COUNTRY_2E65')": 13.66924407595917,
  "('Antineoplastic_and_immunology', 'COUNTRY_3AD0')": 20917.533521300462,
  "('Antineoplastic_and_immunology', 'COUNTRY_4242')": -238.24599955996734,
  "('Antineoplastic_and_immunology', 'COUNTRY_4253')": 177319.271426873,
  "('Antineoplastic_and_immunology', 'COUNTRY_4442')": 33059.3828020709,
  "('Antineoplastic_and_immunology', 'COUNTRY_445D')": -761.0160274047746,
  "('Antineoplastic_and_immunology', 'COUNTRY_4D4A')": 3025.9507041665806,
  "('Antineoplastic_and_immunology', 'COUNTRY_5180')": 9230.552034595696,
  "('Antineoplastic_and_immunology', 'COUNTRY_53A5')": 11409.802879233288,
  "('Antineoplastic_and_immunology', 'COUNTRY_551F')": 772.8683151983244,
  "('Antineoplastic_and_immunology', 'COUNTRY_560D')": 2309.9859426151725,
  "('Antineoplastic_and_immunology', 'COUNTRY_6F78')": -136.23189391976746,
  "('Antineoplastic_and_immunology', 'COUNTRY_7D31')": 5501229.238562846,
  "('Antineoplastic_and_immunology', 'COUNTRY_88A3')": 419.3662274467018,
  "('Antineoplastic_and_immunology', 'COUNTRY_89F9')": 14368.001598512059,
  "('Antineoplastic_and_immunology', 'COUNTRY_8DBB')": 80284.23309119348,
  "('Antineoplastic_and_immunology', 'COUNTRY_907E')": 8674.346404600738,
  "('Antineoplastic_and_immunology', 'COUNTRY_9891')": 12206.630137765414,
  "('Antineoplastic_and_immunology', 'COUNTRY_A67D')": -75617.36994637111,
  "('Antineoplastic_and_immunology', 'COUNTRY_C51E')": 3764.3326876402957,
  "('Antineoplastic_and_immunology', 'COUNTRY_C89B')": 143.0538606967929,
  "('Antineoplastic_and_immunology', 'COUNTRY_C8F4')": -484.48323973561173,
  "('Antineoplastic_and_immunology', 'COUNTRY_D8B0')": 4555.050278092158,
  "('Antineoplastic_and_immunology', 'COUNTRY_EA71')": -12.38048367207998,
  "('Antineoplastic_and_immunology', 'COUNTRY_F75D')": -5387.543700900013,
  "('Antineoplastic_and_immunology', 'COUNTRY_FA79')": -445.1721472117672,
  "('Cardiovascular_Metabolic', 'COUNTRY_0024')": 27493.376099200104,
  "('Cardiovascular_Metabolic', 'COUNTRY_0309')": 170140.99714604128,
  "('Cardiovascular_Metabolic', 'COUNTRY_06E4')": 45909.52317031756,
  "('Cardiovascular_Metabolic', 'COUNTRY_1007')": 163506.47866923947,
  "('Cardiovascular_Metabolic', 'COUNTRY_2E65')": 15116.685601919591,
  "('Cardiovascular_Metabolic', 'COUNTRY_3536')": 3152.3047900693336,
  "('Cardiovascular_Metabolic', 'COUNTRY_3AD0')": 92037.6619070952,
  "('Cardiovascular_Metabolic', 'COUNTRY_445D')": 74452.83220396377,
  "('Cardiovascular_Metabolic', 'COUNTRY_53A5')": 2105763.8581526508,
  "('Cardiovascular_Metabolic', 'COUNTRY_560D')": 617.3327776889839,
  "('Cardiovascular_Metabolic', 'COUNTRY_5FEB')": 463.9230567943715,
  "('Cardiovascular_Metabolic', 'COUNTRY_6B71')": 50346627.448006384,
  "('Cardiovascular_Metabolic', 'COUNTRY_6C16')": 2813533.2076072213,
  "('Cardiovascular_Metabolic', 'COUNTRY_88A3')": -1838.4900111378984,
  "('Cardiovascular_Metabolic', 'COUNTRY_89F9')": 4109.7340077959625,
  "('Cardiovascular_Metabolic', 'COUNTRY_8DBB')": 5935.185151167107,
  "('Cardiovascular_Metabolic', 'COUNTRY_907E')": 436992.85343662114,
  "('Cardiovascular_Metabolic', 'COUNTRY_C89B')": 63986.28276790677,
  "('Cardiovascular_Metabolic', 'COUNTRY_D5B9')": 45642.3395368251,
  "('Cardiovascular_Metabolic', 'COUNTRY_D6DA')": 70470.75255486356,
  "('Cardiovascular_Metabolic', 'COUNTRY_D8B0')": -25104.11065329203,
  "('Cardiovascular_Metabolic', 'COUNTRY_EA71')": 187559.18863052904,
  "('Cardiovascular_Metabolic', 'COUNTRY_EF33')": 11373.06481265326,
  "('Dermatology', 'COUNTRY_4253')": 184915.44702727013,
  "('Dermatology', 'COUNTRY_5FEB')": 1914224.4704946482,
  "('Dermatology', 'COUNTRY_6B71')": 4097.961266989089,
  "('Dermatology', 'COUNTRY_6C16')": 1797.4274976854695,
  "('Dermatology', 'COUNTRY_7C1A')": 27199.050263482062,
  "('Dermatology', 'COUNTRY_89F9')": 45270.06707310897,
  "('Dermatology', 'COUNTRY_907E')": -79963.61339389009,
  "('Dermatology', 'COUNTRY_A8F8')": 34595.89663653166,
  "('Dermatology', 'COUNTRY_D5B9')": 834.6359162668265,
  "('Dermatology', 'COUNTRY_EF33')": 4355.739438287435,
  "('Dermatology', 'COUNTRY_F75D')": 8132.2802433387205,
  "('Endocrinology_and_Metabolic_Disease', 'COUNTRY_0309')": 393403.6062349592,
  "('Endocrinology_and_Metabolic_Disease', 'COUNTRY_0C7D')": 1188.38142871243,
  "('Endocrinology_and_Metabolic_Disease', 'COUNTRY_1007')": 701.1300688287296,
  "('Endocrinology_and_Metabolic_Disease', 'COUNTRY_3536')": 53657.20646542929,
  "('Endocrinology_and_Metabolic_Disease', 'COUNTRY_4242')": 150.7264338654453,
  "('Endocrinology_and_Metabolic_Disease', 'COUNTRY_445D')": 95516.54596703277,
  "('Endocrinology_and_Metabolic_Disease', 'COUNTRY_53A5')": 54775.256548377634,
  "('Endocrinology_and_Metabolic_Disease', 'COUNTRY_560D')": 55837.20633946915,
  "('Endocrinology_and_Metabolic_Disease', 'COUNTRY_5FEB')": 682612.6099221325,
  "('Endocrinology_and_Metabolic_Disease', 'COUNTRY_6B71')": 62622.15398999717,
  "('Endocrinology_and_Metabolic_Disease', 'COUNTRY_6F78')": 57447.458222915295,
  "('Endocrinology_and_Metabolic_Disease', 'COUNTRY_7C1A')": 3526.5388814243574,
  "('Endocrinology_and_Metabolic_Disease', 'COUNTRY_88A3')": -270.52612540712136,
  "('Endocrinology_and_Metabolic_Disease', 'COUNTRY_89F9')": 21502.389976524304,
  "('Endocrinology_and_Metabolic_Disease', 'COUNTRY_9488')": 28478.753878112508,
  "('Endocrinology_and_Metabolic_Disease', 'COUNTRY_9891')": -48.768197325787916,
  "('Endocrinology_and_Metabolic_Disease', 'COUNTRY_A8F8')": 457436.8323045058,
  "('Endocrinology_and_Metabolic_Disease', 'COUNTRY_C89B')": 66.41661846791685,
  "('Endocrinology_and_Metabolic_Disease', 'COUNTRY_D5B9')": -302.36686988987617,