{
  "(2, 1, 0)": {
    "method": "linear",
    "a": 0.4637236538805553,
    "b": 189454.9777818577,
    "n_samples": 150
  },
  "(2, 1, 1)": {
    "method": "linear",
    "a": 0.3918437969315591,
    "b": 159878.85108442546,
    "n_samples": 146
  },
  "(2, 1, 2)": {
    "method": "linear",
    "a": 0.37948357072027084,
    "b": 130012.67406857197,
    "n_samples": 148
  },
  "(2, 2, 0)": {
    "method": "linear",
    "a": 1.4197124519239275,
    "b": 15482.167600372806,
    "n_samples": 2062
  },
  "(2, 2, 1)": {
    "method": "linear",
    "a": 1.4313497379367701,
    "b": -43262.93432722287,
    "n_samples": 2053
  },
  "(2, 2, 2)": {
    "method": "linear",
    "a": 1.4787101520903798,
    "b": -53902.04765282571,
    "n_samples": 2069
  }
}