{
  "official_metric": 0.2941,
  "rmse_norm": 0.2092963699579711,
  "mae_norm": 0.12886748551284458,
  "scenario": 2,
  "model_type": "xgboost",
  "train_time_seconds": 6.767766714096069,
  "n_train_samples": 28116,
  "n_val_samples": 7038,
  "n_features": 101
}