{
  "official_metric": 0.2907,
  "rmse_norm": 0.2096089251954383,
  "mae_norm": 0.12888873002737727,
  "scenario": 2,
  "model_type": "lightgbm",
  "train_time_seconds": 1.3337674140930176,
  "n_train_samples": 28116,
  "n_val_samples": 7038,
  "n_features": 101
}